1199581117608648705,https://aidr-dev2.qcri.org/albania_earthquake/albania/1199581117608648705_0.jpg,
1199581161527361536,https://aidr-dev2.qcri.org/albania_earthquake/albania/1199581161527361536_2.jpg,
1199581161527361536,https://aidr-dev2.qcri.org/albania_earthquake/albania/1199581161527361536_3.jpg,
1199581438422614016,https://aidr-dev2.qcri.org/albania_earthquake/albania/1199581438422614016_0.jpg,
1199581562825854981,https://aidr-dev2.qcri.org/albania_earthquake/albania/1199581562825854981_0.jpg,
1199581761124159489,https://aidr-dev2.qcri.org/albania_earthquake/albania/1199581761124159489_0.jpg,
1199582041039355904,https://aidr-dev2.qcri.org/albania_earthquake/albania/1199582041039355904_0.jpg,
1199582178054754304,https://aidr-dev2.qcri.org/albania_earthquake/albania/1199582178054754304_0.jpg,
1199582685351559169,https://aidr-dev2.qcri.org/albania_earthquake/albania/1199582685351559169_0.jpg,
1199582781728272384,https://aidr-dev2.qcri.org/albania_earthquake/albania/1199582781728272384_2.jpg,
1199582781728272384,https://aidr-dev2.qcri.org/albania_earthquake/albania/1199582781728272384_1.jpg,
1199582916961079296,https://aidr-dev2.qcri.org/albania_earthquake/albania/1199582916961079296_0.jpg,
1199583518377988096,https://aidr-dev2.qcri.org/albania_earthquake/albania/1199583518377988096_0.jpg,
1199584314817699840,https://aidr-dev2.qcri.org/albania_earthquake/albania/1199584314817699840_0.jpg,
1199584356160983041,https://aidr-dev2.qcri.org/albania_earthquake/albania/1199584356160983041_0.jpg,
1199584356160983041,https://aidr-dev2.qcri.org/albania_earthquake/albania/1199584356160983041_3.jpg,
1199584636617273346,https://aidr-dev2.qcri.org/albania_earthquake/albania/1199584636617273346_2.jpg,
1199584636617273346,https://aidr-dev2.qcri.org/albania_earthquake/albania/1199584636617273346_3.jpg,
1199584809942704128,https://aidr-dev2.qcri.org/albania_earthquake/albania/1199584809942704128_0.jpg,
1199584809942704128,https://aidr-dev2.qcri.org/albania_earthquake/albania/1199584809942704128_2.jpg,
1199585112385568768,https://aidr-dev2.qcri.org/albania_earthquake/albania/1199585112385568768_1.jpg,
1199585203879989248,https://aidr-dev2.qcri.org/albania_earthquake/albania/1199585203879989248_2.jpg,
1199585685910556672,https://aidr-dev2.qcri.org/albania_earthquake/albania/1199585685910556672_0.jpg,
1199586243480297472,https://aidr-dev2.qcri.org/albania_earthquake/albania/1199586243480297472_0.jpg,
1199586663036522496,https://aidr-dev2.qcri.org/albania_earthquake/albania/1199586663036522496_0.jpg,
1199586903122690048,https://aidr-dev2.qcri.org/albania_earthquake/albania/1199586903122690048_1.jpg,
1199587800309551104,https://aidr-dev2.qcri.org/albania_earthquake/albania/1199587800309551104_1.jpg,
1199587891829190656,https://aidr-dev2.qcri.org/albania_earthquake/albania/1199587891829190656_0.jpg,
1199588083404070912,https://aidr-dev2.qcri.org/albania_earthquake/albania/1199588083404070912_0.jpg,
1199588139217694720,https://aidr-dev2.qcri.org/albania_earthquake/albania/1199588139217694720_0.jpg,
1199588548753711105,https://aidr-dev2.qcri.org/albania_earthquake/albania/1199588548753711105_0.jpg,
1199589432740982784,https://aidr-dev2.qcri.org/albania_earthquake/albania/1199589432740982784_0.jpg,
1199589442098487296,https://aidr-dev2.qcri.org/albania_earthquake/albania/1199589442098487296_0.jpg,
1199589471886467072,https://aidr-dev2.qcri.org/albania_earthquake/albania/1199589471886467072_0.jpg,
1199589948011114497,https://aidr-dev2.qcri.org/albania_earthquake/albania/1199589948011114497_0.jpg,
1199590523679518720,https://aidr-dev2.qcri.org/albania_earthquake/albania/1199590523679518720_0.jpg,
1199590879750574080,https://aidr-dev2.qcri.org/albania_earthquake/albania/1199590879750574080_0.jpg,
1199590931994988545,https://aidr-dev2.qcri.org/albania_earthquake/albania/1199590931994988545_0.jpg,
1199591205442662400,https://aidr-dev2.qcri.org/albania_earthquake/albania/1199591205442662400_0.jpg,
1199591697996402689,https://aidr-dev2.qcri.org/albania_earthquake/albania/1199591697996402689_0.jpg,
1199591698252226560,https://aidr-dev2.qcri.org/albania_earthquake/albania/1199591698252226560_0.jpg,
1199591822022119424,https://aidr-dev2.qcri.org/albania_earthquake/albania/1199591822022119424_0.jpg,
1199592042063695874,https://aidr-dev2.qcri.org/albania_earthquake/albania/1199592042063695874_0.jpg,
1199592743695081472,https://aidr-dev2.qcri.org/albania_earthquake/albania/1199592743695081472_1.jpg,
1199592743695081472,https://aidr-dev2.qcri.org/albania_earthquake/albania/1199592743695081472_0.jpg,
1199592816952926208,https://aidr-dev2.qcri.org/albania_earthquake/albania/1199592816952926208_0.jpg,
1199593089272287232,https://aidr-dev2.qcri.org/albania_earthquake/albania/1199593089272287232_0.jpg,
1199593139960463360,https://aidr-dev2.qcri.org/albania_earthquake/albania/1199593139960463360_1.jpg,
1199593139960463360,https://aidr-dev2.qcri.org/albania_earthquake/albania/1199593139960463360_0.jpg,
1199593233703149569,https://aidr-dev2.qcri.org/albania_earthquake/albania/1199593233703149569_0.jpg,
1199595178593521664,https://aidr-dev2.qcri.org/albania_earthquake/albania/1199595178593521664_0.jpg,
1199595178593521664,https://aidr-dev2.qcri.org/albania_earthquake/albania/1199595178593521664_3.jpg,
1199595553287335936,https://aidr-dev2.qcri.org/albania_earthquake/albania/1199595553287335936_0.jpg,
1199596373785616390,https://aidr-dev2.qcri.org/albania_earthquake/albania/1199596373785616390_0.jpg,
1199597529765220352,https://aidr-dev2.qcri.org/albania_earthquake/albania/1199597529765220352_0.jpg,
1199597841150349312,https://aidr-dev2.qcri.org/albania_earthquake/albania/1199597841150349312_0.jpg,
1199598142775164929,https://aidr-dev2.qcri.org/albania_earthquake/albania/1199598142775164929_0.jpg,
1199598760965201921,https://aidr-dev2.qcri.org/albania_earthquake/albania/1199598760965201921_0.jpg,
1199599279494565890,https://aidr-dev2.qcri.org/albania_earthquake/albania/1199599279494565890_0.jpg,
1199599283093352448,https://aidr-dev2.qcri.org/albania_earthquake/albania/1199599283093352448_0.jpg,
1199599322477629441,https://aidr-dev2.qcri.org/albania_earthquake/albania/1199599322477629441_0.jpg,
1199599751567740930,https://aidr-dev2.qcri.org/albania_earthquake/albania/1199599751567740930_0.jpg,
1199600007063769088,https://aidr-dev2.qcri.org/albania_earthquake/albania/1199600007063769088_0.jpg,
1199600026923798528,https://aidr-dev2.qcri.org/albania_earthquake/albania/1199600026923798528_1.jpg,
1199600260412145665,https://aidr-dev2.qcri.org/albania_earthquake/albania/1199600260412145665_0.jpg,
1199600322022391808,https://aidr-dev2.qcri.org/albania_earthquake/albania/1199600322022391808_1.jpg,
1199601141442433025,https://aidr-dev2.qcri.org/albania_earthquake/albania/1199601141442433025_0.jpg,
1199601693236879361,https://aidr-dev2.qcri.org/albania_earthquake/albania/1199601693236879361_0.jpg,
1199602562560905217,https://aidr-dev2.qcri.org/albania_earthquake/albania/1199602562560905217_0.jpg,
1199603143912415233,https://aidr-dev2.qcri.org/albania_earthquake/albania/1199603143912415233_0.jpg,
1199603243321626624,https://aidr-dev2.qcri.org/albania_earthquake/albania/1199603243321626624_0.jpg,
1199603446267236352,https://aidr-dev2.qcri.org/albania_earthquake/albania/1199603446267236352_0.jpg,
1199603446267236352,https://aidr-dev2.qcri.org/albania_earthquake/albania/1199603446267236352_1.jpg,
1199603467595079681,https://aidr-dev2.qcri.org/albania_earthquake/albania/1199603467595079681_0.jpg,
1199603774312140802,https://aidr-dev2.qcri.org/albania_earthquake/albania/1199603774312140802_0.jpg,
1199604652377018368,https://aidr-dev2.qcri.org/albania_earthquake/albania/1199604652377018368_0.jpg,
1199604785944518656,https://aidr-dev2.qcri.org/albania_earthquake/albania/1199604785944518656_0.jpg,
1199604804911292416,https://aidr-dev2.qcri.org/albania_earthquake/albania/1199604804911292416_0.jpg,
1199606263417593856,https://aidr-dev2.qcri.org/albania_earthquake/albania/1199606263417593856_1.jpg,
1199606418543927296,https://aidr-dev2.qcri.org/albania_earthquake/albania/1199606418543927296_0.jpg,
1199606422155251714,https://aidr-dev2.qcri.org/albania_earthquake/albania/1199606422155251714_0.jpg,
1199606647624208385,https://aidr-dev2.qcri.org/albania_earthquake/albania/1199606647624208385_0.jpg,
1199607009508839425,https://aidr-dev2.qcri.org/albania_earthquake/albania/1199607009508839425_1.jpg,
1199607273330479105,https://aidr-dev2.qcri.org/albania_earthquake/albania/1199607273330479105_0.jpg,
1199607562833932288,https://aidr-dev2.qcri.org/albania_earthquake/albania/1199607562833932288_0.jpg,
1199608594267815936,https://aidr-dev2.qcri.org/albania_earthquake/albania/1199608594267815936_0.jpg,
1199608690606665728,https://aidr-dev2.qcri.org/albania_earthquake/albania/1199608690606665728_0.jpg,
1199608869120626688,https://aidr-dev2.qcri.org/albania_earthquake/albania/1199608869120626688_0.jpg,
1199608941073895424,https://aidr-dev2.qcri.org/albania_earthquake/albania/1199608941073895424_0.jpg,
1199609194804060160,https://aidr-dev2.qcri.org/albania_earthquake/albania/1199609194804060160_0.jpg,
1199609799241093120,https://aidr-dev2.qcri.org/albania_earthquake/albania/1199609799241093120_2.jpg,
1199609799241093120,https://aidr-dev2.qcri.org/albania_earthquake/albania/1199609799241093120_3.jpg,
1199610053176807425,https://aidr-dev2.qcri.org/albania_earthquake/albania/1199610053176807425_0.jpg,
1199610084483047431,https://aidr-dev2.qcri.org/albania_earthquake/albania/1199610084483047431_0.jpg,
1199610338418843649,https://aidr-dev2.qcri.org/albania_earthquake/albania/1199610338418843649_0.jpg,
1199610451451097088,https://aidr-dev2.qcri.org/albania_earthquake/albania/1199610451451097088_1.jpg,
1199610585584939008,https://aidr-dev2.qcri.org/albania_earthquake/albania/1199610585584939008_0.jpg,
1199610607407947776,https://aidr-dev2.qcri.org/albania_earthquake/albania/1199610607407947776_0.jpg,
1199610704350896128,https://aidr-dev2.qcri.org/albania_earthquake/albania/1199610704350896128_0.jpg,
1199610857128374272,https://aidr-dev2.qcri.org/albania_earthquake/albania/1199610857128374272_0.jpg,
1199611174565888000,https://aidr-dev2.qcri.org/albania_earthquake/albania/1199611174565888000_0.jpg,
1199611262281240576,https://aidr-dev2.qcri.org/albania_earthquake/albania/1199611262281240576_1.jpg,
1199611577558847489,https://aidr-dev2.qcri.org/albania_earthquake/albania/1199611577558847489_0.jpg,
1199611821809971200,https://aidr-dev2.qcri.org/albania_earthquake/albania/1199611821809971200_0.jpg,
1199613006797254659,https://aidr-dev2.qcri.org/albania_earthquake/albania/1199613006797254659_0.jpg,
1199613089051791361,https://aidr-dev2.qcri.org/albania_earthquake/albania/1199613089051791361_0.jpg,
1199613689596436480,https://aidr-dev2.qcri.org/albania_earthquake/albania/1199613689596436480_0.jpg,
1199615035410137089,https://aidr-dev2.qcri.org/albania_earthquake/albania/1199615035410137089_0.jpg,
1199616514078449664,https://aidr-dev2.qcri.org/albania_earthquake/albania/1199616514078449664_0.jpg,
1199616893147066373,https://aidr-dev2.qcri.org/albania_earthquake/albania/1199616893147066373_0.jpg,
1199617329174331392,https://aidr-dev2.qcri.org/albania_earthquake/albania/1199617329174331392_1.jpg,
1199618105934336001,https://aidr-dev2.qcri.org/albania_earthquake/albania/1199618105934336001_0.jpg,
1199618704977252352,https://aidr-dev2.qcri.org/albania_earthquake/albania/1199618704977252352_0.jpg,
1199619483285020678,https://aidr-dev2.qcri.org/albania_earthquake/albania/1199619483285020678_0.jpg,
1199619512032645120,https://aidr-dev2.qcri.org/albania_earthquake/albania/1199619512032645120_0.jpg,
1199620105321287680,https://aidr-dev2.qcri.org/albania_earthquake/albania/1199620105321287680_0.jpg,
1199620329099935744,https://aidr-dev2.qcri.org/albania_earthquake/albania/1199620329099935744_0.jpg,
1199620615331860480,https://aidr-dev2.qcri.org/albania_earthquake/albania/1199620615331860480_0.jpg,
1199620694444855296,https://aidr-dev2.qcri.org/albania_earthquake/albania/1199620694444855296_1.jpg,
1199620753672544257,https://aidr-dev2.qcri.org/albania_earthquake/albania/1199620753672544257_3.jpg,
1199621475222900736,https://aidr-dev2.qcri.org/albania_earthquake/albania/1199621475222900736_0.jpg,
1199622486918340609,https://aidr-dev2.qcri.org/albania_earthquake/albania/1199622486918340609_0.jpg,
1199624311620984832,https://aidr-dev2.qcri.org/albania_earthquake/albania/1199624311620984832_0.jpg,
1199624412963786752,https://aidr-dev2.qcri.org/albania_earthquake/albania/1199624412963786752_1.jpg,
1199624863834619904,https://aidr-dev2.qcri.org/albania_earthquake/albania/1199624863834619904_3.jpg,
1199625010190663680,https://aidr-dev2.qcri.org/albania_earthquake/albania/1199625010190663680_0.jpg,
1199626824223002624,https://aidr-dev2.qcri.org/albania_earthquake/albania/1199626824223002624_2.jpg,
1199626824223002624,https://aidr-dev2.qcri.org/albania_earthquake/albania/1199626824223002624_0.jpg,
1199628495351099395,https://aidr-dev2.qcri.org/albania_earthquake/albania/1199628495351099395_0.jpg,
1199630069041451008,https://aidr-dev2.qcri.org/albania_earthquake/albania/1199630069041451008_0.jpg,
1199630382599155712,https://aidr-dev2.qcri.org/albania_earthquake/albania/1199630382599155712_1.jpg,
1199630755959394305,https://aidr-dev2.qcri.org/albania_earthquake/albania/1199630755959394305_0.jpg,
1199631181735759872,https://aidr-dev2.qcri.org/albania_earthquake/albania/1199631181735759872_1.jpg,
1199631754019164160,https://aidr-dev2.qcri.org/albania_earthquake/albania/1199631754019164160_0.jpg,
1199633210692509696,https://aidr-dev2.qcri.org/albania_earthquake/albania/1199633210692509696_0.jpg,
1199633371497947136,https://aidr-dev2.qcri.org/albania_earthquake/albania/1199633371497947136_0.jpg,
1199633903377670144,https://aidr-dev2.qcri.org/albania_earthquake/albania/1199633903377670144_0.jpg,
1199635000364191745,https://aidr-dev2.qcri.org/albania_earthquake/albania/1199635000364191745_0.jpg,
1199636484090806276,https://aidr-dev2.qcri.org/albania_earthquake/albania/1199636484090806276_0.jpg,
1199636713825538050,https://aidr-dev2.qcri.org/albania_earthquake/albania/1199636713825538050_0.jpg,
1199637169129820160,https://aidr-dev2.qcri.org/albania_earthquake/albania/1199637169129820160_0.jpg,
1199638193550835712,https://aidr-dev2.qcri.org/albania_earthquake/albania/1199638193550835712_3.jpg,
1199639380467601408,https://aidr-dev2.qcri.org/albania_earthquake/albania/1199639380467601408_0.jpg,
1199639422419046401,https://aidr-dev2.qcri.org/albania_earthquake/albania/1199639422419046401_0.jpg,
1199639588274397185,https://aidr-dev2.qcri.org/albania_earthquake/albania/1199639588274397185_0.jpg,
1199639626396381185,https://aidr-dev2.qcri.org/albania_earthquake/albania/1199639626396381185_0.jpg,
1199640862508097538,https://aidr-dev2.qcri.org/albania_earthquake/albania/1199640862508097538_0.jpg,
1199642341885259779,https://aidr-dev2.qcri.org/albania_earthquake/albania/1199642341885259779_0.jpg,
1199642586841075713,https://aidr-dev2.qcri.org/albania_earthquake/albania/1199642586841075713_0.jpg,
1199642630356910081,https://aidr-dev2.qcri.org/albania_earthquake/albania/1199642630356910081_0.jpg,
1199644884988239872,https://aidr-dev2.qcri.org/albania_earthquake/albania/1199644884988239872_0.jpg,
1199645796179701760,https://aidr-dev2.qcri.org/albania_earthquake/albania/1199645796179701760_0.jpg,
1199648285935443969,https://aidr-dev2.qcri.org/albania_earthquake/albania/1199648285935443969_0.jpg,
1199648672503521281,https://aidr-dev2.qcri.org/albania_earthquake/albania/1199648672503521281_2.jpg,
1199648672503521281,https://aidr-dev2.qcri.org/albania_earthquake/albania/1199648672503521281_3.jpg,
1199649093867515905,https://aidr-dev2.qcri.org/albania_earthquake/albania/1199649093867515905_0.jpg,
1199650862265749505,https://aidr-dev2.qcri.org/albania_earthquake/albania/1199650862265749505_0.jpg,
1199651427192365056,https://aidr-dev2.qcri.org/albania_earthquake/albania/1199651427192365056_0.jpg,
1199651446603616256,https://aidr-dev2.qcri.org/albania_earthquake/albania/1199651446603616256_0.jpg,
1199651569580544002,https://aidr-dev2.qcri.org/albania_earthquake/albania/1199651569580544002_0.jpg,
1199651569580544002,https://aidr-dev2.qcri.org/albania_earthquake/albania/1199651569580544002_1.jpg,
1199651652892016642,https://aidr-dev2.qcri.org/albania_earthquake/albania/1199651652892016642_0.jpg,
1199651901467480065,https://aidr-dev2.qcri.org/albania_earthquake/albania/1199651901467480065_0.jpg,
1199652510002233344,https://aidr-dev2.qcri.org/albania_earthquake/albania/1199652510002233344_0.jpg,
1199653215819718658,https://aidr-dev2.qcri.org/albania_earthquake/albania/1199653215819718658_0.jpg,
1199654178550960128,https://aidr-dev2.qcri.org/albania_earthquake/albania/1199654178550960128_0.jpg,
1199655967719378954,https://aidr-dev2.qcri.org/albania_earthquake/albania/1199655967719378954_0.jpg,
1199656890055180292,https://aidr-dev2.qcri.org/albania_earthquake/albania/1199656890055180292_3.jpg,
1199657460723793920,https://aidr-dev2.qcri.org/albania_earthquake/albania/1199657460723793920_0.jpg,
1199657775199973378,https://aidr-dev2.qcri.org/albania_earthquake/albania/1199657775199973378_0.jpg,
1199659264626831360,https://aidr-dev2.qcri.org/albania_earthquake/albania/1199659264626831360_0.jpg,
1199659635306688514,https://aidr-dev2.qcri.org/albania_earthquake/albania/1199659635306688514_0.jpg,
1199659647139008512,https://aidr-dev2.qcri.org/albania_earthquake/albania/1199659647139008512_0.jpg,
1199660781341564928,https://aidr-dev2.qcri.org/albania_earthquake/albania/1199660781341564928_0.jpg,
1199660856201695235,https://aidr-dev2.qcri.org/albania_earthquake/albania/1199660856201695235_0.jpg,
1199660856201695235,https://aidr-dev2.qcri.org/albania_earthquake/albania/1199660856201695235_2.jpg,
1199661221848453120,https://aidr-dev2.qcri.org/albania_earthquake/albania/1199661221848453120_0.jpg,
1199661648337915904,https://aidr-dev2.qcri.org/albania_earthquake/albania/1199661648337915904_0.jpg,
1199662000659410944,https://aidr-dev2.qcri.org/albania_earthquake/albania/1199662000659410944_0.jpg,
1199662621802274817,https://aidr-dev2.qcri.org/albania_earthquake/albania/1199662621802274817_0.jpg,
1199663825928085505,https://aidr-dev2.qcri.org/albania_earthquake/albania/1199663825928085505_0.jpg,
1199663921571024896,https://aidr-dev2.qcri.org/albania_earthquake/albania/1199663921571024896_0.jpg,
1199664046133448704,https://aidr-dev2.qcri.org/albania_earthquake/albania/1199664046133448704_0.jpg,
1199664196130082816,https://aidr-dev2.qcri.org/albania_earthquake/albania/1199664196130082816_0.jpg,
1199664334605103104,https://aidr-dev2.qcri.org/albania_earthquake/albania/1199664334605103104_0.jpg,
1199664803473764352,https://aidr-dev2.qcri.org/albania_earthquake/albania/1199664803473764352_0.jpg,
1199664909996433409,https://aidr-dev2.qcri.org/albania_earthquake/albania/1199664909996433409_0.jpg,
1199664954804252672,https://aidr-dev2.qcri.org/albania_earthquake/albania/1199664954804252672_0.jpg,
1199665610747269120,https://aidr-dev2.qcri.org/albania_earthquake/albania/1199665610747269120_0.jpg,
1199667373348970496,https://aidr-dev2.qcri.org/albania_earthquake/albania/1199667373348970496_0.jpg,
1199667653121642496,https://aidr-dev2.qcri.org/albania_earthquake/albania/1199667653121642496_0.jpg,
1199668840571035653,https://aidr-dev2.qcri.org/albania_earthquake/albania/1199668840571035653_0.jpg,
1199669146419703808,https://aidr-dev2.qcri.org/albania_earthquake/albania/1199669146419703808_0.jpg,
1199669251554054145,https://aidr-dev2.qcri.org/albania_earthquake/albania/1199669251554054145_0.jpg,
1199669668291764229,https://aidr-dev2.qcri.org/albania_earthquake/albania/1199669668291764229_0.png,
1199670099868676096,https://aidr-dev2.qcri.org/albania_earthquake/albania/1199670099868676096_0.jpg,
1199672356760780801,https://aidr-dev2.qcri.org/albania_earthquake/albania/1199672356760780801_0.jpg,
1199672687083376641,https://aidr-dev2.qcri.org/albania_earthquake/albania/1199672687083376641_0.jpg,
1199673870367809536,https://aidr-dev2.qcri.org/albania_earthquake/albania/1199673870367809536_0.jpg,
1199674000353431552,https://aidr-dev2.qcri.org/albania_earthquake/albania/1199674000353431552_0.jpg,
1199675492821032960,https://aidr-dev2.qcri.org/albania_earthquake/albania/1199675492821032960_2.jpg,
1199676359024545794,https://aidr-dev2.qcri.org/albania_earthquake/albania/1199676359024545794_0.jpg,
1199676678190043136,https://aidr-dev2.qcri.org/albania_earthquake/albania/1199676678190043136_0.jpg,
1199677103068917760,https://aidr-dev2.qcri.org/albania_earthquake/albania/1199677103068917760_1.jpg,
1199677878306131969,https://aidr-dev2.qcri.org/albania_earthquake/albania/1199677878306131969_0.jpg,
1199678262181605377,https://aidr-dev2.qcri.org/albania_earthquake/albania/1199678262181605377_0.jpg,
1199678582638821376,https://aidr-dev2.qcri.org/albania_earthquake/albania/1199678582638821376_0.jpg,
1199678845223424000,https://aidr-dev2.qcri.org/albania_earthquake/albania/1199678845223424000_0.jpg,
1199678845223424000,https://aidr-dev2.qcri.org/albania_earthquake/albania/1199678845223424000_3.jpg,
1199679976880164865,https://aidr-dev2.qcri.org/albania_earthquake/albania/1199679976880164865_0.jpg,
1199680280883351559,https://aidr-dev2.qcri.org/albania_earthquake/albania/1199680280883351559_0.jpg,
1199681066681950208,https://aidr-dev2.qcri.org/albania_earthquake/albania/1199681066681950208_1.jpg,
1199682287618662400,https://aidr-dev2.qcri.org/albania_earthquake/albania/1199682287618662400_0.jpg,
1199682287618662400,https://aidr-dev2.qcri.org/albania_earthquake/albania/1199682287618662400_1.jpg,
1199682375225135105,https://aidr-dev2.qcri.org/albania_earthquake/albania/1199682375225135105_0.jpg,
1199682464307974144,https://aidr-dev2.qcri.org/albania_earthquake/albania/1199682464307974144_0.jpg,
1199683014537687041,https://aidr-dev2.qcri.org/albania_earthquake/albania/1199683014537687041_0.jpg,
1199684033401229312,https://aidr-dev2.qcri.org/albania_earthquake/albania/1199684033401229312_0.jpg,
1199684709938352129,https://aidr-dev2.qcri.org/albania_earthquake/albania/1199684709938352129_0.jpg,
1199685193788870656,https://aidr-dev2.qcri.org/albania_earthquake/albania/1199685193788870656_0.jpg,
1199686205014757376,https://aidr-dev2.qcri.org/albania_earthquake/albania/1199686205014757376_0.jpg,
1199686394509180928,https://aidr-dev2.qcri.org/albania_earthquake/albania/1199686394509180928_2.jpg,
1199686394509180928,https://aidr-dev2.qcri.org/albania_earthquake/albania/1199686394509180928_1.jpg,
1199688190652813313,https://aidr-dev2.qcri.org/albania_earthquake/albania/1199688190652813313_0.jpg,
1199688847149453312,https://aidr-dev2.qcri.org/albania_earthquake/albania/1199688847149453312_0.jpg,
1199688945833000961,https://aidr-dev2.qcri.org/albania_earthquake/albania/1199688945833000961_0.jpg,
1199690544802418688,https://aidr-dev2.qcri.org/albania_earthquake/albania/1199690544802418688_0.jpg,
1199690732984053760,https://aidr-dev2.qcri.org/albania_earthquake/albania/1199690732984053760_1.jpg,
1199691750400499713,https://aidr-dev2.qcri.org/albania_earthquake/albania/1199691750400499713_1.jpg,
1199692559855104000,https://aidr-dev2.qcri.org/albania_earthquake/albania/1199692559855104000_0.jpg,
1199692591484170243,https://aidr-dev2.qcri.org/albania_earthquake/albania/1199692591484170243_0.jpg,
1199692783398858754,https://aidr-dev2.qcri.org/albania_earthquake/albania/1199692783398858754_1.jpg,
1199692980627660805,https://aidr-dev2.qcri.org/albania_earthquake/albania/1199692980627660805_0.jpg,
1199694008332759042,https://aidr-dev2.qcri.org/albania_earthquake/albania/1199694008332759042_0.jpg,
1199694008332759042,https://aidr-dev2.qcri.org/albania_earthquake/albania/1199694008332759042_1.jpg,
1199694094223790080,https://aidr-dev2.qcri.org/albania_earthquake/albania/1199694094223790080_1.jpg,
1199695011887099904,https://aidr-dev2.qcri.org/albania_earthquake/albania/1199695011887099904_0.jpg,
1199696316579880961,https://aidr-dev2.qcri.org/albania_earthquake/albania/1199696316579880961_0.jpg,
1199697687760850944,https://aidr-dev2.qcri.org/albania_earthquake/albania/1199697687760850944_0.jpg,
1199699162901745664,https://aidr-dev2.qcri.org/albania_earthquake/albania/1199699162901745664_0.jpg,
1199700066451128320,https://aidr-dev2.qcri.org/albania_earthquake/albania/1199700066451128320_0.jpg,
1199700257199808512,https://aidr-dev2.qcri.org/albania_earthquake/albania/1199700257199808512_0.jpg,
1199700499337031681,https://aidr-dev2.qcri.org/albania_earthquake/albania/1199700499337031681_0.jpg,
1199701546977464321,https://aidr-dev2.qcri.org/albania_earthquake/albania/1199701546977464321_0.jpg,
1199702549554769920,https://aidr-dev2.qcri.org/albania_earthquake/albania/1199702549554769920_0.jpg,
1199702856472973312,https://aidr-dev2.qcri.org/albania_earthquake/albania/1199702856472973312_0.jpg,
1199703953899802624,https://aidr-dev2.qcri.org/albania_earthquake/albania/1199703953899802624_0.jpg,
1199704823966289921,https://aidr-dev2.qcri.org/albania_earthquake/albania/1199704823966289921_0.jpg,
1199705258638946304,https://aidr-dev2.qcri.org/albania_earthquake/albania/1199705258638946304_0.jpg,
1199705412133670912,https://aidr-dev2.qcri.org/albania_earthquake/albania/1199705412133670912_0.jpg,
1199705737305427968,https://aidr-dev2.qcri.org/albania_earthquake/albania/1199705737305427968_0.jpg,
1199705781190438912,https://aidr-dev2.qcri.org/albania_earthquake/albania/1199705781190438912_0.jpg,
1199705963923554304,https://aidr-dev2.qcri.org/albania_earthquake/albania/1199705963923554304_0.png,
1199706145964736513,https://aidr-dev2.qcri.org/albania_earthquake/albania/1199706145964736513_1.jpg,
1199706378069323777,https://aidr-dev2.qcri.org/albania_earthquake/albania/1199706378069323777_0.jpg,
1199707729868099589,https://aidr-dev2.qcri.org/albania_earthquake/albania/1199707729868099589_0.jpg,
1199707729868099589,https://aidr-dev2.qcri.org/albania_earthquake/albania/1199707729868099589_1.jpg,
1199707972378730496,https://aidr-dev2.qcri.org/albania_earthquake/albania/1199707972378730496_0.jpg,
1199708595018850304,https://aidr-dev2.qcri.org/albania_earthquake/albania/1199708595018850304_0.jpg,
1199710126581649408,https://aidr-dev2.qcri.org/albania_earthquake/albania/1199710126581649408_0.jpg,
1199710763788709888,https://aidr-dev2.qcri.org/albania_earthquake/albania/1199710763788709888_1.jpg,
1199711116655550468,https://aidr-dev2.qcri.org/albania_earthquake/albania/1199711116655550468_0.jpg,
1199711623826624513,https://aidr-dev2.qcri.org/albania_earthquake/albania/1199711623826624513_0.jpg,
1199712057538408449,https://aidr-dev2.qcri.org/albania_earthquake/albania/1199712057538408449_0.jpg,
1199713126272258048,https://aidr-dev2.qcri.org/albania_earthquake/albania/1199713126272258048_0.jpg,
1199713518792122370,https://aidr-dev2.qcri.org/albania_earthquake/albania/1199713518792122370_0.jpg,
1199714609390915584,https://aidr-dev2.qcri.org/albania_earthquake/albania/1199714609390915584_0.jpg,
1199715698311942145,https://aidr-dev2.qcri.org/albania_earthquake/albania/1199715698311942145_0.jpg,
1199715760089784321,https://aidr-dev2.qcri.org/albania_earthquake/albania/1199715760089784321_0.jpg,
1199715940147040256,https://aidr-dev2.qcri.org/albania_earthquake/albania/1199715940147040256_0.jpg,
1199716142891159553,https://aidr-dev2.qcri.org/albania_earthquake/albania/1199716142891159553_0.jpg,
1199717544468393986,https://aidr-dev2.qcri.org/albania_earthquake/albania/1199717544468393986_0.jpg,
1199718831612211208,https://aidr-dev2.qcri.org/albania_earthquake/albania/1199718831612211208_0.jpg,
1199719049795641345,https://aidr-dev2.qcri.org/albania_earthquake/albania/1199719049795641345_0.jpg,
1199719395284717569,https://aidr-dev2.qcri.org/albania_earthquake/albania/1199719395284717569_0.jpg,
1199720340756271105,https://aidr-dev2.qcri.org/albania_earthquake/albania/1199720340756271105_0.jpg,
1199720494766985221,https://aidr-dev2.qcri.org/albania_earthquake/albania/1199720494766985221_0.jpg,
1199720812032475137,https://aidr-dev2.qcri.org/albania_earthquake/albania/1199720812032475137_0.jpg,
1199720896535126016,https://aidr-dev2.qcri.org/albania_earthquake/albania/1199720896535126016_0.jpg,
1199721522484666374,https://aidr-dev2.qcri.org/albania_earthquake/albania/1199721522484666374_2.jpg,
1199721596732108800,https://aidr-dev2.qcri.org/albania_earthquake/albania/1199721596732108800_0.png,
1199722661410230273,https://aidr-dev2.qcri.org/albania_earthquake/albania/1199722661410230273_0.jpg,
1199723531585675267,https://aidr-dev2.qcri.org/albania_earthquake/albania/1199723531585675267_1.jpg,
1199724512905969665,https://aidr-dev2.qcri.org/albania_earthquake/albania/1199724512905969665_0.jpg,
1199724843840819205,https://aidr-dev2.qcri.org/albania_earthquake/albania/1199724843840819205_0.jpg,
1199730602661953540,https://aidr-dev2.qcri.org/albania_earthquake/albania/1199730602661953540_0.jpg,
1199730945856806913,https://aidr-dev2.qcri.org/albania_earthquake/albania/1199730945856806913_0.jpg,
1199731870386274305,https://aidr-dev2.qcri.org/albania_earthquake/albania/1199731870386274305_0.jpg,
1199732141871058944,https://aidr-dev2.qcri.org/albania_earthquake/albania/1199732141871058944_0.jpg,
1199732364886315008,https://aidr-dev2.qcri.org/albania_earthquake/albania/1199732364886315008_0.jpg,
1199733095173373952,https://aidr-dev2.qcri.org/albania_earthquake/albania/1199733095173373952_0.jpg,
1199733277076213760,https://aidr-dev2.qcri.org/albania_earthquake/albania/1199733277076213760_3.jpg,
1199733505762177025,https://aidr-dev2.qcri.org/albania_earthquake/albania/1199733505762177025_0.jpg,
1199733513165033472,https://aidr-dev2.qcri.org/albania_earthquake/albania/1199733513165033472_0.jpg,
1199734632834588673,https://aidr-dev2.qcri.org/albania_earthquake/albania/1199734632834588673_0.jpg,
1199734677235482626,https://aidr-dev2.qcri.org/albania_earthquake/albania/1199734677235482626_0.jpg,
1199735107470450690,https://aidr-dev2.qcri.org/albania_earthquake/albania/1199735107470450690_0.jpg,
1199736604925026305,https://aidr-dev2.qcri.org/albania_earthquake/albania/1199736604925026305_1.jpg,
1199736646331187200,https://aidr-dev2.qcri.org/albania_earthquake/albania/1199736646331187200_0.png,
1199737150603968513,https://aidr-dev2.qcri.org/albania_earthquake/albania/1199737150603968513_0.jpg,
1199742179872104448,https://aidr-dev2.qcri.org/albania_earthquake/albania/1199742179872104448_0.jpg,
1199742675332808704,https://aidr-dev2.qcri.org/albania_earthquake/albania/1199742675332808704_0.jpg,
1199742675332808704,https://aidr-dev2.qcri.org/albania_earthquake/albania/1199742675332808704_1.jpg,
1199742735634141184,https://aidr-dev2.qcri.org/albania_earthquake/albania/1199742735634141184_0.jpg,
1199743323843506177,https://aidr-dev2.qcri.org/albania_earthquake/albania/1199743323843506177_1.jpg,
1199743323843506177,https://aidr-dev2.qcri.org/albania_earthquake/albania/1199743323843506177_2.jpg,
1199745772939567105,https://aidr-dev2.qcri.org/albania_earthquake/albania/1199745772939567105_0.jpg,
1199745774835380227,https://aidr-dev2.qcri.org/albania_earthquake/albania/1199745774835380227_0.jpg,
1199746719912800257,https://aidr-dev2.qcri.org/albania_earthquake/albania/1199746719912800257_0.jpg,
1199747056388255746,https://aidr-dev2.qcri.org/albania_earthquake/albania/1199747056388255746_3.jpg,
1199747077150040065,https://aidr-dev2.qcri.org/albania_earthquake/albania/1199747077150040065_1.jpg,
1199748058118000641,https://aidr-dev2.qcri.org/albania_earthquake/albania/1199748058118000641_0.jpg,
1199748168323391488,https://aidr-dev2.qcri.org/albania_earthquake/albania/1199748168323391488_0.jpg,
1199748873595609095,https://aidr-dev2.qcri.org/albania_earthquake/albania/1199748873595609095_0.jpg,
1199749734350508037,https://aidr-dev2.qcri.org/albania_earthquake/albania/1199749734350508037_0.jpg,
1199750785422282760,https://aidr-dev2.qcri.org/albania_earthquake/albania/1199750785422282760_0.jpg,
1199752245438496768,https://aidr-dev2.qcri.org/albania_earthquake/albania/1199752245438496768_0.jpg,
1199753530988531713,https://aidr-dev2.qcri.org/albania_earthquake/albania/1199753530988531713_0.jpg,
1199753808617910272,https://aidr-dev2.qcri.org/albania_earthquake/albania/1199753808617910272_0.jpg,
1199754483951185922,https://aidr-dev2.qcri.org/albania_earthquake/albania/1199754483951185922_0.jpg,
1199756503223357442,https://aidr-dev2.qcri.org/albania_earthquake/albania/1199756503223357442_0.jpg,
1199756904043597825,https://aidr-dev2.qcri.org/albania_earthquake/albania/1199756904043597825_0.jpg,
1199757176904044552,https://aidr-dev2.qcri.org/albania_earthquake/albania/1199757176904044552_0.jpg,
1199758166730444800,https://aidr-dev2.qcri.org/albania_earthquake/albania/1199758166730444800_0.jpg,
1199758170446606343,https://aidr-dev2.qcri.org/albania_earthquake/albania/1199758170446606343_0.jpg,
1199759244624613377,https://aidr-dev2.qcri.org/albania_earthquake/albania/1199759244624613377_0.jpg,
1199760110404415490,https://aidr-dev2.qcri.org/albania_earthquake/albania/1199760110404415490_3.jpg,
1199761176529424384,https://aidr-dev2.qcri.org/albania_earthquake/albania/1199761176529424384_0.jpg,
1199761888030199808,https://aidr-dev2.qcri.org/albania_earthquake/albania/1199761888030199808_0.jpg,
1199764828610531329,https://aidr-dev2.qcri.org/albania_earthquake/albania/1199764828610531329_0.jpg,
1199764853344391169,https://aidr-dev2.qcri.org/albania_earthquake/albania/1199764853344391169_0.jpg,
1199765103245221888,https://aidr-dev2.qcri.org/albania_earthquake/albania/1199765103245221888_3.jpg,
1199770380203937792,https://aidr-dev2.qcri.org/albania_earthquake/albania/1199770380203937792_0.jpg,
1199771010783821824,https://aidr-dev2.qcri.org/albania_earthquake/albania/1199771010783821824_0.jpg,
1199771369736753152,https://aidr-dev2.qcri.org/albania_earthquake/albania/1199771369736753152_0.jpg,
1199771421091782657,https://aidr-dev2.qcri.org/albania_earthquake/albania/1199771421091782657_0.jpg,
1199771724994240512,https://aidr-dev2.qcri.org/albania_earthquake/albania/1199771724994240512_1.jpg,
1199772834303795201,https://aidr-dev2.qcri.org/albania_earthquake/albania/1199772834303795201_0.jpg,
1199773418775810050,https://aidr-dev2.qcri.org/albania_earthquake/albania/1199773418775810050_0.jpg,
1199774913927749632,https://aidr-dev2.qcri.org/albania_earthquake/albania/1199774913927749632_0.jpg,
1199776899465142272,https://aidr-dev2.qcri.org/albania_earthquake/albania/1199776899465142272_0.jpg,
1199776982143254529,https://aidr-dev2.qcri.org/albania_earthquake/albania/1199776982143254529_0.jpg,
1199778697257115653,https://aidr-dev2.qcri.org/albania_earthquake/albania/1199778697257115653_0.jpg,
1199778715602960390,https://aidr-dev2.qcri.org/albania_earthquake/albania/1199778715602960390_0.jpg,
1199778807982391296,https://aidr-dev2.qcri.org/albania_earthquake/albania/1199778807982391296_0.jpg,
1199778808292708352,https://aidr-dev2.qcri.org/albania_earthquake/albania/1199778808292708352_0.jpg,
1199779826439208960,https://aidr-dev2.qcri.org/albania_earthquake/albania/1199779826439208960_3.jpg,
1199780190546563074,https://aidr-dev2.qcri.org/albania_earthquake/albania/1199780190546563074_0.jpg,
1199780855671119873,https://aidr-dev2.qcri.org/albania_earthquake/albania/1199780855671119873_0.jpg,
1199783571235463168,https://aidr-dev2.qcri.org/albania_earthquake/albania/1199783571235463168_0.jpg,
1199784624899215362,https://aidr-dev2.qcri.org/albania_earthquake/albania/1199784624899215362_2.jpg,
1199787032236711936,https://aidr-dev2.qcri.org/albania_earthquake/albania/1199787032236711936_0.jpg,
1199787537478369287,https://aidr-dev2.qcri.org/albania_earthquake/albania/1199787537478369287_0.jpg,
1199788218901827584,https://aidr-dev2.qcri.org/albania_earthquake/albania/1199788218901827584_0.jpg,
1199790014135033856,https://aidr-dev2.qcri.org/albania_earthquake/albania/1199790014135033856_0.jpg,
1199793277257469952,https://aidr-dev2.qcri.org/albania_earthquake/albania/1199793277257469952_0.jpg,
1199795030040301569,https://aidr-dev2.qcri.org/albania_earthquake/albania/1199795030040301569_0.jpg,
1199797840870023169,https://aidr-dev2.qcri.org/albania_earthquake/albania/1199797840870023169_3.jpg,
1199798559253487616,https://aidr-dev2.qcri.org/albania_earthquake/albania/1199798559253487616_0.jpg,
1199798747154337793,https://aidr-dev2.qcri.org/albania_earthquake/albania/1199798747154337793_0.jpg,
1199800561102667779,https://aidr-dev2.qcri.org/albania_earthquake/albania/1199800561102667779_0.jpg,
1199801983110197249,https://aidr-dev2.qcri.org/albania_earthquake/albania/1199801983110197249_2.jpg,
1199802134369320960,https://aidr-dev2.qcri.org/albania_earthquake/albania/1199802134369320960_0.jpg,
1199803033267396609,https://aidr-dev2.qcri.org/albania_earthquake/albania/1199803033267396609_2.jpg,
1199804299859156997,https://aidr-dev2.qcri.org/albania_earthquake/albania/1199804299859156997_0.jpg,
1199804299859156997,https://aidr-dev2.qcri.org/albania_earthquake/albania/1199804299859156997_2.jpg,
1199805120789258240,https://aidr-dev2.qcri.org/albania_earthquake/albania/1199805120789258240_0.jpg,
1199805400754925568,https://aidr-dev2.qcri.org/albania_earthquake/albania/1199805400754925568_0.jpg,
1199806733843124224,https://aidr-dev2.qcri.org/albania_earthquake/albania/1199806733843124224_0.jpg,
1199809258080133120,https://aidr-dev2.qcri.org/albania_earthquake/albania/1199809258080133120_0.jpg,
1199810964444442625,https://aidr-dev2.qcri.org/albania_earthquake/albania/1199810964444442625_0.jpg,
1199811522412732416,https://aidr-dev2.qcri.org/albania_earthquake/albania/1199811522412732416_0.jpg,
1199813201413709833,https://aidr-dev2.qcri.org/albania_earthquake/albania/1199813201413709833_0.jpg,
1199814380948525056,https://aidr-dev2.qcri.org/albania_earthquake/albania/1199814380948525056_0.jpg,
1199814556626931713,https://aidr-dev2.qcri.org/albania_earthquake/albania/1199814556626931713_0.jpg,
1199814692484636676,https://aidr-dev2.qcri.org/albania_earthquake/albania/1199814692484636676_0.jpg,
1199815055853920256,https://aidr-dev2.qcri.org/albania_earthquake/albania/1199815055853920256_0.jpg,
1199817486121631744,https://aidr-dev2.qcri.org/albania_earthquake/albania/1199817486121631744_1.jpg,
1199817634885373953,https://aidr-dev2.qcri.org/albania_earthquake/albania/1199817634885373953_2.jpg,
1199817634885373953,https://aidr-dev2.qcri.org/albania_earthquake/albania/1199817634885373953_3.jpg,
1199821302560886786,https://aidr-dev2.qcri.org/albania_earthquake/albania/1199821302560886786_0.jpg,
1199824614769266691,https://aidr-dev2.qcri.org/albania_earthquake/albania/1199824614769266691_0.jpg,
1199827691471548418,https://aidr-dev2.qcri.org/albania_earthquake/albania/1199827691471548418_0.jpg,
1199828762457718784,https://aidr-dev2.qcri.org/albania_earthquake/albania/1199828762457718784_0.jpg,
1199829000891142144,https://aidr-dev2.qcri.org/albania_earthquake/albania/1199829000891142144_0.jpg,
1199829855342333952,https://aidr-dev2.qcri.org/albania_earthquake/albania/1199829855342333952_0.jpg,
1199832023914950661,https://aidr-dev2.qcri.org/albania_earthquake/albania/1199832023914950661_0.jpg,
1199840348001976326,https://aidr-dev2.qcri.org/albania_earthquake/albania/1199840348001976326_0.jpg,
1199841440441856000,https://aidr-dev2.qcri.org/albania_earthquake/albania/1199841440441856000_0.jpg,
1199842515781734401,https://aidr-dev2.qcri.org/albania_earthquake/albania/1199842515781734401_0.jpg,
1199844255965024258,https://aidr-dev2.qcri.org/albania_earthquake/albania/1199844255965024258_0.jpg,
1199844270255017984,https://aidr-dev2.qcri.org/albania_earthquake/albania/1199844270255017984_0.jpg,
1199848438072061952,https://aidr-dev2.qcri.org/albania_earthquake/albania/1199848438072061952_0.jpg,
1199854557360201729,https://aidr-dev2.qcri.org/albania_earthquake/albania/1199854557360201729_0.jpg,
1199861890203209728,https://aidr-dev2.qcri.org/albania_earthquake/albania/1199861890203209728_1.jpg,
1199864750978392064,https://aidr-dev2.qcri.org/albania_earthquake/albania/1199864750978392064_0.jpg,
1199868782518210560,https://aidr-dev2.qcri.org/albania_earthquake/albania/1199868782518210560_0.jpg,
1199873681905737728,https://aidr-dev2.qcri.org/albania_earthquake/albania/1199873681905737728_2.jpg,
1199878523126599680,https://aidr-dev2.qcri.org/albania_earthquake/albania/1199878523126599680_0.jpg,
1199879348335067136,https://aidr-dev2.qcri.org/albania_earthquake/albania/1199879348335067136_0.jpg,
1199892418797219846,https://aidr-dev2.qcri.org/albania_earthquake/albania/1199892418797219846_0.jpg,
1199893479628754944,https://aidr-dev2.qcri.org/albania_earthquake/albania/1199893479628754944_2.jpg,
1199896662057111552,https://aidr-dev2.qcri.org/albania_earthquake/albania/1199896662057111552_0.jpg,
1199904313600102401,https://aidr-dev2.qcri.org/albania_earthquake/albania/1199904313600102401_0.jpg,
1199906028189409281,https://aidr-dev2.qcri.org/albania_earthquake/albania/1199906028189409281_0.jpg,
1199909561911648256,https://aidr-dev2.qcri.org/albania_earthquake/albania/1199909561911648256_0.jpg,
1199917018801213440,https://aidr-dev2.qcri.org/albania_earthquake/albania/1199917018801213440_0.jpg,
1199917586068254720,https://aidr-dev2.qcri.org/albania_earthquake/albania/1199917586068254720_0.jpg,
1199921119735640064,https://aidr-dev2.qcri.org/albania_earthquake/albania/1199921119735640064_0.jpg,
1199922505869414400,https://aidr-dev2.qcri.org/albania_earthquake/albania/1199922505869414400_0.jpg,
1199923547621203968,https://aidr-dev2.qcri.org/albania_earthquake/albania/1199923547621203968_0.jpg,
1199932935677206528,https://aidr-dev2.qcri.org/albania_earthquake/albania/1199932935677206528_0.jpg,
1199937253818150912,https://aidr-dev2.qcri.org/albania_earthquake/albania/1199937253818150912_0.jpg,
1199938368286576641,https://aidr-dev2.qcri.org/albania_earthquake/albania/1199938368286576641_0.jpg,
1199943083716202497,https://aidr-dev2.qcri.org/albania_earthquake/albania/1199943083716202497_0.jpg,
1199946064549306369,https://aidr-dev2.qcri.org/albania_earthquake/albania/1199946064549306369_0.jpg,
1199947853143199744,https://aidr-dev2.qcri.org/albania_earthquake/albania/1199947853143199744_0.jpg,
1199949649806790657,https://aidr-dev2.qcri.org/albania_earthquake/albania/1199949649806790657_2.jpg,
1199950454643400704,https://aidr-dev2.qcri.org/albania_earthquake/albania/1199950454643400704_0.jpg,
1199953975174254598,https://aidr-dev2.qcri.org/albania_earthquake/albania/1199953975174254598_0.jpg,
1199955956181929994,https://aidr-dev2.qcri.org/albania_earthquake/albania/1199955956181929994_0.jpg,
1199956094795362305,https://aidr-dev2.qcri.org/albania_earthquake/albania/1199956094795362305_0.jpg,
1199957773901017088,https://aidr-dev2.qcri.org/albania_earthquake/albania/1199957773901017088_3.jpg,
1199959181794656256,https://aidr-dev2.qcri.org/albania_earthquake/albania/1199959181794656256_0.jpg,
1199964447260983297,https://aidr-dev2.qcri.org/albania_earthquake/albania/1199964447260983297_0.jpg,
1199966773149339648,https://aidr-dev2.qcri.org/albania_earthquake/albania/1199966773149339648_0.jpg,
1199969211197612032,https://aidr-dev2.qcri.org/albania_earthquake/albania/1199969211197612032_0.jpg,
1199969670045954048,https://aidr-dev2.qcri.org/albania_earthquake/albania/1199969670045954048_0.jpg,
1199970572668551168,https://aidr-dev2.qcri.org/albania_earthquake/albania/1199970572668551168_0.jpg,
1199971443305398272,https://aidr-dev2.qcri.org/albania_earthquake/albania/1199971443305398272_0.jpg,
1199973390490066944,https://aidr-dev2.qcri.org/albania_earthquake/albania/1199973390490066944_0.png,
1199973605788045313,https://aidr-dev2.qcri.org/albania_earthquake/albania/1199973605788045313_0.jpg,
1199973605788045313,https://aidr-dev2.qcri.org/albania_earthquake/albania/1199973605788045313_1.jpg,
1199973996722151424,https://aidr-dev2.qcri.org/albania_earthquake/albania/1199973996722151424_0.jpg,
1199974372947189760,https://aidr-dev2.qcri.org/albania_earthquake/albania/1199974372947189760_0.jpg,
1199977214000975872,https://aidr-dev2.qcri.org/albania_earthquake/albania/1199977214000975872_0.jpg,
1199981342282407936,https://aidr-dev2.qcri.org/albania_earthquake/albania/1199981342282407936_0.jpg,
1199983078514577408,https://aidr-dev2.qcri.org/albania_earthquake/albania/1199983078514577408_0.jpg,
1199983530710913029,https://aidr-dev2.qcri.org/albania_earthquake/albania/1199983530710913029_0.jpg,
1199983799548960768,https://aidr-dev2.qcri.org/albania_earthquake/albania/1199983799548960768_0.jpg,
1199985155609415680,https://aidr-dev2.qcri.org/albania_earthquake/albania/1199985155609415680_0.jpg,
1199986665172942848,https://aidr-dev2.qcri.org/albania_earthquake/albania/1199986665172942848_0.jpg,
1199987432109723648,https://aidr-dev2.qcri.org/albania_earthquake/albania/1199987432109723648_0.jpg,
1199988649028472832,https://aidr-dev2.qcri.org/albania_earthquake/albania/1199988649028472832_0.jpg,
1199990470698569729,https://aidr-dev2.qcri.org/albania_earthquake/albania/1199990470698569729_0.jpg,
1199991001680617473,https://aidr-dev2.qcri.org/albania_earthquake/albania/1199991001680617473_0.jpg,
1199991587188572160,https://aidr-dev2.qcri.org/albania_earthquake/albania/1199991587188572160_0.jpg,
1199992601912528896,https://aidr-dev2.qcri.org/albania_earthquake/albania/1199992601912528896_0.jpg,
1199996377432043521,https://aidr-dev2.qcri.org/albania_earthquake/albania/1199996377432043521_0.jpg,
1200002134944694273,https://aidr-dev2.qcri.org/albania_earthquake/albania/1200002134944694273_0.jpg,
1200004429216395264,https://aidr-dev2.qcri.org/albania_earthquake/albania/1200004429216395264_0.jpg,
1200005170161168384,https://aidr-dev2.qcri.org/albania_earthquake/albania/1200005170161168384_0.jpg,
1200005302915088384,https://aidr-dev2.qcri.org/albania_earthquake/albania/1200005302915088384_1.jpg,
1200006919647301633,https://aidr-dev2.qcri.org/albania_earthquake/albania/1200006919647301633_0.jpg,
1200007933137997824,https://aidr-dev2.qcri.org/albania_earthquake/albania/1200007933137997824_0.jpg,
1200008724053741569,https://aidr-dev2.qcri.org/albania_earthquake/albania/1200008724053741569_0.jpg,
1200008756630736896,https://aidr-dev2.qcri.org/albania_earthquake/albania/1200008756630736896_0.jpg,
1200009731185795073,https://aidr-dev2.qcri.org/albania_earthquake/albania/1200009731185795073_0.jpg,
1200009844562038784,https://aidr-dev2.qcri.org/albania_earthquake/albania/1200009844562038784_0.jpg,
1200009964514955264,https://aidr-dev2.qcri.org/albania_earthquake/albania/1200009964514955264_2.jpg,
1200011530445754368,https://aidr-dev2.qcri.org/albania_earthquake/albania/1200011530445754368_0.jpg,
1200012461522477056,https://aidr-dev2.qcri.org/albania_earthquake/albania/1200012461522477056_0.jpg,
1200013958851125250,https://aidr-dev2.qcri.org/albania_earthquake/albania/1200013958851125250_2.jpg,
1200013958851125250,https://aidr-dev2.qcri.org/albania_earthquake/albania/1200013958851125250_1.jpg,
1200017117690638336,https://aidr-dev2.qcri.org/albania_earthquake/albania/1200017117690638336_0.jpg,
1200021336996876290,https://aidr-dev2.qcri.org/albania_earthquake/albania/1200021336996876290_0.jpg,
1200021350078771200,https://aidr-dev2.qcri.org/albania_earthquake/albania/1200021350078771200_0.jpg,
1200021580794998785,https://aidr-dev2.qcri.org/albania_earthquake/albania/1200021580794998785_1.jpg,
1200022300822777856,https://aidr-dev2.qcri.org/albania_earthquake/albania/1200022300822777856_0.jpg,
1200024052397535234,https://aidr-dev2.qcri.org/albania_earthquake/albania/1200024052397535234_0.jpg,
1200024176532148224,https://aidr-dev2.qcri.org/albania_earthquake/albania/1200024176532148224_0.jpg,
1200026563091189760,https://aidr-dev2.qcri.org/albania_earthquake/albania/1200026563091189760_0.jpg,
1200027729573425152,https://aidr-dev2.qcri.org/albania_earthquake/albania/1200027729573425152_0.jpg,
1200027770002247686,https://aidr-dev2.qcri.org/albania_earthquake/albania/1200027770002247686_0.jpg,
1200028837519577091,https://aidr-dev2.qcri.org/albania_earthquake/albania/1200028837519577091_0.jpg,
1200029210049470464,https://aidr-dev2.qcri.org/albania_earthquake/albania/1200029210049470464_0.jpg,
1200030436061261825,https://aidr-dev2.qcri.org/albania_earthquake/albania/1200030436061261825_0.jpg,
1200030803461394432,https://aidr-dev2.qcri.org/albania_earthquake/albania/1200030803461394432_0.jpg,
1200033821472776192,https://aidr-dev2.qcri.org/albania_earthquake/albania/1200033821472776192_0.jpg,
1200033948803502080,https://aidr-dev2.qcri.org/albania_earthquake/albania/1200033948803502080_0.jpg,
1200035359477960704,https://aidr-dev2.qcri.org/albania_earthquake/albania/1200035359477960704_1.jpg,
1200036103451029504,https://aidr-dev2.qcri.org/albania_earthquake/albania/1200036103451029504_0.jpg,
1200038532108021760,https://aidr-dev2.qcri.org/albania_earthquake/albania/1200038532108021760_0.jpg,
1200039155247517697,https://aidr-dev2.qcri.org/albania_earthquake/albania/1200039155247517697_0.jpg,
1200039485922258947,https://aidr-dev2.qcri.org/albania_earthquake/albania/1200039485922258947_0.jpg,
1200039600963686400,https://aidr-dev2.qcri.org/albania_earthquake/albania/1200039600963686400_0.jpg,
1200041192093822977,https://aidr-dev2.qcri.org/albania_earthquake/albania/1200041192093822977_0.jpg,
1200041790050574336,https://aidr-dev2.qcri.org/albania_earthquake/albania/1200041790050574336_1.jpg,
1200043712358821888,https://aidr-dev2.qcri.org/albania_earthquake/albania/1200043712358821888_0.jpg,
1200046076570546176,https://aidr-dev2.qcri.org/albania_earthquake/albania/1200046076570546176_0.jpg,
1200046883600846848,https://aidr-dev2.qcri.org/albania_earthquake/albania/1200046883600846848_0.jpg,
1200046960838770689,https://aidr-dev2.qcri.org/albania_earthquake/albania/1200046960838770689_0.jpg,
1200047495243542528,https://aidr-dev2.qcri.org/albania_earthquake/albania/1200047495243542528_0.jpg,
1200049311809253376,https://aidr-dev2.qcri.org/albania_earthquake/albania/1200049311809253376_1.jpg,
1200050643584585728,https://aidr-dev2.qcri.org/albania_earthquake/albania/1200050643584585728_0.jpg,
1200052120386449408,https://aidr-dev2.qcri.org/albania_earthquake/albania/1200052120386449408_0.jpg,
1200053482344140800,https://aidr-dev2.qcri.org/albania_earthquake/albania/1200053482344140800_0.jpg,
1200054001494085634,https://aidr-dev2.qcri.org/albania_earthquake/albania/1200054001494085634_0.jpg,
1200055239270969346,https://aidr-dev2.qcri.org/albania_earthquake/albania/1200055239270969346_0.jpg,
1200055502593515525,https://aidr-dev2.qcri.org/albania_earthquake/albania/1200055502593515525_0.jpg,
1200057676803321856,https://aidr-dev2.qcri.org/albania_earthquake/albania/1200057676803321856_0.jpg,
1200058145202155520,https://aidr-dev2.qcri.org/albania_earthquake/albania/1200058145202155520_0.jpg,
1200058758099079169,https://aidr-dev2.qcri.org/albania_earthquake/albania/1200058758099079169_0.jpg,
1200059282592608256,https://aidr-dev2.qcri.org/albania_earthquake/albania/1200059282592608256_0.jpg,
1200061606299885569,https://aidr-dev2.qcri.org/albania_earthquake/albania/1200061606299885569_0.jpg,
1200062675134353409,https://aidr-dev2.qcri.org/albania_earthquake/albania/1200062675134353409_0.jpg,
1200065648082198528,https://aidr-dev2.qcri.org/albania_earthquake/albania/1200065648082198528_0.jpg,
1200066486536151040,https://aidr-dev2.qcri.org/albania_earthquake/albania/1200066486536151040_0.jpg,
1200066849548976128,https://aidr-dev2.qcri.org/albania_earthquake/albania/1200066849548976128_2.jpg,
1200066876891631616,https://aidr-dev2.qcri.org/albania_earthquake/albania/1200066876891631616_0.jpg,
1200067495635431429,https://aidr-dev2.qcri.org/albania_earthquake/albania/1200067495635431429_1.jpg,
1200071470212435968,https://aidr-dev2.qcri.org/albania_earthquake/albania/1200071470212435968_0.jpg,
1200072354740592641,https://aidr-dev2.qcri.org/albania_earthquake/albania/1200072354740592641_0.jpg,
1200072563931668480,https://aidr-dev2.qcri.org/albania_earthquake/albania/1200072563931668480_0.jpg,
1200073109577048064,https://aidr-dev2.qcri.org/albania_earthquake/albania/1200073109577048064_0.jpg,
1200074482519617537,https://aidr-dev2.qcri.org/albania_earthquake/albania/1200074482519617537_0.jpg,
1200077901758189568,https://aidr-dev2.qcri.org/albania_earthquake/albania/1200077901758189568_0.jpg,
1200081920484208641,https://aidr-dev2.qcri.org/albania_earthquake/albania/1200081920484208641_0.jpg,
1200084662242234370,https://aidr-dev2.qcri.org/albania_earthquake/albania/1200084662242234370_2.jpg,
1200086592444076033,https://aidr-dev2.qcri.org/albania_earthquake/albania/1200086592444076033_0.jpg,
1200086643023269888,https://aidr-dev2.qcri.org/albania_earthquake/albania/1200086643023269888_0.jpg,
1200093553256521730,https://aidr-dev2.qcri.org/albania_earthquake/albania/1200093553256521730_2.jpg,
1200096026398359553,https://aidr-dev2.qcri.org/albania_earthquake/albania/1200096026398359553_0.jpg,
1200097083715403776,https://aidr-dev2.qcri.org/albania_earthquake/albania/1200097083715403776_0.jpg,
1200097472078663682,https://aidr-dev2.qcri.org/albania_earthquake/albania/1200097472078663682_0.jpg,
1200097527112118272,https://aidr-dev2.qcri.org/albania_earthquake/albania/1200097527112118272_0.jpg,
1200099810164068352,https://aidr-dev2.qcri.org/albania_earthquake/albania/1200099810164068352_0.jpg,
1200100944249344001,https://aidr-dev2.qcri.org/albania_earthquake/albania/1200100944249344001_0.jpg,
1200100964809601025,https://aidr-dev2.qcri.org/albania_earthquake/albania/1200100964809601025_2.jpg,
1200101081004441600,https://aidr-dev2.qcri.org/albania_earthquake/albania/1200101081004441600_2.jpg,
1200101729603346433,https://aidr-dev2.qcri.org/albania_earthquake/albania/1200101729603346433_0.jpg,
1200106865629237249,https://aidr-dev2.qcri.org/albania_earthquake/albania/1200106865629237249_0.jpg,
1200108630860816385,https://aidr-dev2.qcri.org/albania_earthquake/albania/1200108630860816385_0.jpg,
1200110939175034881,https://aidr-dev2.qcri.org/albania_earthquake/albania/1200110939175034881_0.jpg,
1200113037103050755,https://aidr-dev2.qcri.org/albania_earthquake/albania/1200113037103050755_0.jpg,
1200116918289498112,https://aidr-dev2.qcri.org/albania_earthquake/albania/1200116918289498112_0.jpg,
1200120398039470080,https://aidr-dev2.qcri.org/albania_earthquake/albania/1200120398039470080_0.jpg,
1200120398039470080,https://aidr-dev2.qcri.org/albania_earthquake/albania/1200120398039470080_1.jpg,
1200122516712411136,https://aidr-dev2.qcri.org/albania_earthquake/albania/1200122516712411136_0.jpg,
1200122598182572033,https://aidr-dev2.qcri.org/albania_earthquake/albania/1200122598182572033_0.jpg,
1200124911349620736,https://aidr-dev2.qcri.org/albania_earthquake/albania/1200124911349620736_0.jpg,
1200129758593519616,https://aidr-dev2.qcri.org/albania_earthquake/albania/1200129758593519616_0.jpg,
1200130253697552385,https://aidr-dev2.qcri.org/albania_earthquake/albania/1200130253697552385_0.jpg,
1200130911162888193,https://aidr-dev2.qcri.org/albania_earthquake/albania/1200130911162888193_0.jpg,
1200131307604459520,https://aidr-dev2.qcri.org/albania_earthquake/albania/1200131307604459520_0.jpg,
1200131916684517376,https://aidr-dev2.qcri.org/albania_earthquake/albania/1200131916684517376_2.jpg,
1200131916684517376,https://aidr-dev2.qcri.org/albania_earthquake/albania/1200131916684517376_0.jpg,
1200132608446873602,https://aidr-dev2.qcri.org/albania_earthquake/albania/1200132608446873602_0.jpg,
1200133237512835072,https://aidr-dev2.qcri.org/albania_earthquake/albania/1200133237512835072_0.jpg,
1200136089530490885,https://aidr-dev2.qcri.org/albania_earthquake/albania/1200136089530490885_0.jpg,
1200137056367841280,https://aidr-dev2.qcri.org/albania_earthquake/albania/1200137056367841280_0.jpg,
1200138854998499328,https://aidr-dev2.qcri.org/albania_earthquake/albania/1200138854998499328_0.jpg,
1200139924688773122,https://aidr-dev2.qcri.org/albania_earthquake/albania/1200139924688773122_0.jpg,
1200151640025772032,https://aidr-dev2.qcri.org/albania_earthquake/albania/1200151640025772032_0.jpg,
1200154708704473088,https://aidr-dev2.qcri.org/albania_earthquake/albania/1200154708704473088_0.jpg,
1200158236877500428,https://aidr-dev2.qcri.org/albania_earthquake/albania/1200158236877500428_0.jpg,
1200159606569340928,https://aidr-dev2.qcri.org/albania_earthquake/albania/1200159606569340928_0.jpg,
1200159916868227074,https://aidr-dev2.qcri.org/albania_earthquake/albania/1200159916868227074_1.jpg,
1200165224118210565,https://aidr-dev2.qcri.org/albania_earthquake/albania/1200165224118210565_2.jpg,
1200165224118210565,https://aidr-dev2.qcri.org/albania_earthquake/albania/1200165224118210565_0.jpg,
1200170600620318720,https://aidr-dev2.qcri.org/albania_earthquake/albania/1200170600620318720_0.jpg,
1200170867050926080,https://aidr-dev2.qcri.org/albania_earthquake/albania/1200170867050926080_0.jpg,
1200174642973085696,https://aidr-dev2.qcri.org/albania_earthquake/albania/1200174642973085696_0.jpg,
1200176402428882944,https://aidr-dev2.qcri.org/albania_earthquake/albania/1200176402428882944_0.jpg,
1200177547536936961,https://aidr-dev2.qcri.org/albania_earthquake/albania/1200177547536936961_0.jpg,
1200183899596308480,https://aidr-dev2.qcri.org/albania_earthquake/albania/1200183899596308480_0.jpg,
1200187695957458944,https://aidr-dev2.qcri.org/albania_earthquake/albania/1200187695957458944_0.jpg,
1200187720380878853,https://aidr-dev2.qcri.org/albania_earthquake/albania/1200187720380878853_0.jpg,
1200188208774033409,https://aidr-dev2.qcri.org/albania_earthquake/albania/1200188208774033409_0.jpg,
1200191206497693698,https://aidr-dev2.qcri.org/albania_earthquake/albania/1200191206497693698_0.jpg,
1200196447251107840,https://aidr-dev2.qcri.org/albania_earthquake/albania/1200196447251107840_0.jpg,
1200205969986400257,https://aidr-dev2.qcri.org/albania_earthquake/albania/1200205969986400257_0.jpg,
1200207478434213888,https://aidr-dev2.qcri.org/albania_earthquake/albania/1200207478434213888_0.jpg,
1200240071477276672,https://aidr-dev2.qcri.org/albania_earthquake/albania/1200240071477276672_0.jpg,
1200250558579462144,https://aidr-dev2.qcri.org/albania_earthquake/albania/1200250558579462144_0.jpg,
1200291934293692418,https://aidr-dev2.qcri.org/albania_earthquake/albania/1200291934293692418_0.jpg,
1200297165484175360,https://aidr-dev2.qcri.org/albania_earthquake/albania/1200297165484175360_0.jpg,
1200298428829519872,https://aidr-dev2.qcri.org/albania_earthquake/albania/1200298428829519872_0.jpg,
1200307438035099649,https://aidr-dev2.qcri.org/albania_earthquake/albania/1200307438035099649_0.jpg,
1200502316480090118,https://aidr-dev2.qcri.org/albania_earthquake/albania/1200502316480090118_0.jpg,
1200502962877075457,https://aidr-dev2.qcri.org/albania_earthquake/albania/1200502962877075457_0.jpg,
1200504334095654912,https://aidr-dev2.qcri.org/albania_earthquake/albania/1200504334095654912_0.jpg,
1200504808689557506,https://aidr-dev2.qcri.org/albania_earthquake/albania/1200504808689557506_0.jpg,
1200505268523741184,https://aidr-dev2.qcri.org/albania_earthquake/albania/1200505268523741184_0.jpg,
1200505584904278016,https://aidr-dev2.qcri.org/albania_earthquake/albania/1200505584904278016_0.jpg,
1200506603453087744,https://aidr-dev2.qcri.org/albania_earthquake/albania/1200506603453087744_0.jpg,
1200514024795885569,https://aidr-dev2.qcri.org/albania_earthquake/albania/1200514024795885569_0.jpg,
1200514639647428608,https://aidr-dev2.qcri.org/albania_earthquake/albania/1200514639647428608_0.jpg,
1200514639647428608,https://aidr-dev2.qcri.org/albania_earthquake/albania/1200514639647428608_1.jpg,
1200517840274624512,https://aidr-dev2.qcri.org/albania_earthquake/albania/1200517840274624512_1.jpg,
1200517840274624512,https://aidr-dev2.qcri.org/albania_earthquake/albania/1200517840274624512_3.jpg,
1200519366720315399,https://aidr-dev2.qcri.org/albania_earthquake/albania/1200519366720315399_2.jpg,
1200526020320866305,https://aidr-dev2.qcri.org/albania_earthquake/albania/1200526020320866305_0.jpg,
1200527720796569601,https://aidr-dev2.qcri.org/albania_earthquake/albania/1200527720796569601_0.jpg,
1200536214258028544,https://aidr-dev2.qcri.org/albania_earthquake/albania/1200536214258028544_1.jpg,
1200537121012027393,https://aidr-dev2.qcri.org/albania_earthquake/albania/1200537121012027393_0.jpg,
1200537840674910210,https://aidr-dev2.qcri.org/albania_earthquake/albania/1200537840674910210_3.jpg,
1200541081114480641,https://aidr-dev2.qcri.org/albania_earthquake/albania/1200541081114480641_0.jpg,
1200542553646542848,https://aidr-dev2.qcri.org/albania_earthquake/albania/1200542553646542848_0.jpg,
1200544611866943489,https://aidr-dev2.qcri.org/albania_earthquake/albania/1200544611866943489_0.jpg,
1200546400355913728,https://aidr-dev2.qcri.org/albania_earthquake/albania/1200546400355913728_0.jpg,
1200553902187302913,https://aidr-dev2.qcri.org/albania_earthquake/albania/1200553902187302913_0.jpg,
1200562632769585152,https://aidr-dev2.qcri.org/albania_earthquake/albania/1200562632769585152_0.jpg,
1200564787387752451,https://aidr-dev2.qcri.org/albania_earthquake/albania/1200564787387752451_0.jpg,
1200565857316986880,https://aidr-dev2.qcri.org/albania_earthquake/albania/1200565857316986880_0.jpg,
1200572925709094912,https://aidr-dev2.qcri.org/albania_earthquake/albania/1200572925709094912_0.jpg,
1200575444862431233,https://aidr-dev2.qcri.org/albania_earthquake/albania/1200575444862431233_0.jpg,
1200588605376401408,https://aidr-dev2.qcri.org/albania_earthquake/albania/1200588605376401408_0.jpg,
1200591663904636928,https://aidr-dev2.qcri.org/albania_earthquake/albania/1200591663904636928_0.jpg,
1200660301051518976,https://aidr-dev2.qcri.org/albania_earthquake/albania/1200660301051518976_1.jpg,
1200672874006302720,https://aidr-dev2.qcri.org/albania_earthquake/albania/1200672874006302720_0.jpg,
1200677219590459392,https://aidr-dev2.qcri.org/albania_earthquake/albania/1200677219590459392_0.jpg,
1200687456317845505,https://aidr-dev2.qcri.org/albania_earthquake/albania/1200687456317845505_0.jpg,
1200693670044979200,https://aidr-dev2.qcri.org/albania_earthquake/albania/1200693670044979200_0.jpg,
1200695560694452224,https://aidr-dev2.qcri.org/albania_earthquake/albania/1200695560694452224_0.jpg,
1200705543343501312,https://aidr-dev2.qcri.org/albania_earthquake/albania/1200705543343501312_0.jpg,
1200706053752737792,https://aidr-dev2.qcri.org/albania_earthquake/albania/1200706053752737792_0.jpg,
1200709104756506624,https://aidr-dev2.qcri.org/albania_earthquake/albania/1200709104756506624_0.jpg,
1200714462077935616,https://aidr-dev2.qcri.org/albania_earthquake/albania/1200714462077935616_0.jpg,
1200716118400389121,https://aidr-dev2.qcri.org/albania_earthquake/albania/1200716118400389121_0.jpg,
1200719565933727744,https://aidr-dev2.qcri.org/albania_earthquake/albania/1200719565933727744_0.jpg,
1200720279271550976,https://aidr-dev2.qcri.org/albania_earthquake/albania/1200720279271550976_0.jpg,
1200721548388261888,https://aidr-dev2.qcri.org/albania_earthquake/albania/1200721548388261888_0.jpg,
1200728254509965312,https://aidr-dev2.qcri.org/albania_earthquake/albania/1200728254509965312_0.jpg,
1200728849832710145,https://aidr-dev2.qcri.org/albania_earthquake/albania/1200728849832710145_0.jpg,
1200728986713821186,https://aidr-dev2.qcri.org/albania_earthquake/albania/1200728986713821186_0.jpg,
1200729760680292353,https://aidr-dev2.qcri.org/albania_earthquake/albania/1200729760680292353_0.jpg,
1200733283212021760,https://aidr-dev2.qcri.org/albania_earthquake/albania/1200733283212021760_0.jpg,
1200736283108225024,https://aidr-dev2.qcri.org/albania_earthquake/albania/1200736283108225024_0.jpg,
1200740672015339520,https://aidr-dev2.qcri.org/albania_earthquake/albania/1200740672015339520_0.jpg,
1200746295226298375,https://aidr-dev2.qcri.org/albania_earthquake/albania/1200746295226298375_0.jpg,
1200748026144460800,https://aidr-dev2.qcri.org/albania_earthquake/albania/1200748026144460800_0.jpg,
1200749176256159744,https://aidr-dev2.qcri.org/albania_earthquake/albania/1200749176256159744_0.jpg,
1200751723553312771,https://aidr-dev2.qcri.org/albania_earthquake/albania/1200751723553312771_0.jpg,
1200754704906641409,https://aidr-dev2.qcri.org/albania_earthquake/albania/1200754704906641409_1.jpg,
1200759396294258694,https://aidr-dev2.qcri.org/albania_earthquake/albania/1200759396294258694_0.jpg,
1200759661231824896,https://aidr-dev2.qcri.org/albania_earthquake/albania/1200759661231824896_0.jpg,
1200761142999535617,https://aidr-dev2.qcri.org/albania_earthquake/albania/1200761142999535617_0.jpg,
1200766139409870856,https://aidr-dev2.qcri.org/albania_earthquake/albania/1200766139409870856_1.jpg,
1200770446590906368,https://aidr-dev2.qcri.org/albania_earthquake/albania/1200770446590906368_0.jpg,
1200775951614918656,https://aidr-dev2.qcri.org/albania_earthquake/albania/1200775951614918656_0.jpg,
1200795266279858176,https://aidr-dev2.qcri.org/albania_earthquake/albania/1200795266279858176_0.jpg,
1200799240861040641,https://aidr-dev2.qcri.org/albania_earthquake/albania/1200799240861040641_0.jpg,
1200809701388234752,https://aidr-dev2.qcri.org/albania_earthquake/albania/1200809701388234752_0.jpg,
1200812269791334400,https://aidr-dev2.qcri.org/albania_earthquake/albania/1200812269791334400_0.jpg,
1200817417246691333,https://aidr-dev2.qcri.org/albania_earthquake/albania/1200817417246691333_0.jpg,
1200819966368452608,https://aidr-dev2.qcri.org/albania_earthquake/albania/1200819966368452608_0.jpg,
1200820063781183493,https://aidr-dev2.qcri.org/albania_earthquake/albania/1200820063781183493_0.jpg,
1200821929462157313,https://aidr-dev2.qcri.org/albania_earthquake/albania/1200821929462157313_0.jpg,
1200840686318301184,https://aidr-dev2.qcri.org/albania_earthquake/albania/1200840686318301184_1.jpg,
1200847464942768130,https://aidr-dev2.qcri.org/albania_earthquake/albania/1200847464942768130_0.jpg,
tweetid,media_url,Reject