id,id_str,created_at,media_url,url,type,language_code,bounding_box,country,country_code,user_loc,full_text,country_or_territory,CIME_geolocation_string,CIME_coordinates
1311254531955552256,1311254531955552256,2020-09-30 10:40:17,http://pbs.twimg.com/media/EjKDCu0UYAcRITp.jpg,https://t.co/d0gZT7ORRx,photo,en,[0],-,IDN,"Jakarta, Indonesia",b'Yass today I @UKinIndonesia launched @laporcovid data integration with West Java Governor @ridwankamil for #UKRIDigitalAccessProgramme We will support citizens reports to West Java Government platform Pikobar. Lets work towards better Covid-19 data \xf0\x9f\xa4\x9d https://t.co/d0gZT7ORRx',Indonesia,['Daerah Khusus Ibukota Jakarta'],"[[-6.1753942, 106.827183]]"
1311254480315232257,1311254480315232257,2020-09-30 10:40:04,http://pbs.twimg.com/media/EjKC-2LVoAA7Sgj.jpg,https://t.co/RZS3M4a6oJ,photo,in,[0],-,IDN,Indonesia ,b'TIGA PILAR KECAMATAN  TAMANSARI JAKARTA BARAT  MELAKSANAKAN GIAT OPERASI YUSTISI  DAN PENDISIPLINAN KEPADA  MASYARAKAT GUNA PENCEGAHAN COVID-19#DisiplinProtokolKesehatan#PolsekMetroTamansari#OperasiYustisi https://t.co/RZS3M4a6oJ',Indonesia,"['Indonesia', 'gunung pasir jaya, Singaraja, Bali', 'KAWASAN KUMUH, Pardomuan I, Pangururan, Samosir']","[[-2.4833826, 117.8902853], [-8.1153337, 115.1083287], [2.6023745500000004, 98.70260070595354]]"
1311254477408800768,1311254477408800768,2020-09-30 10:40:04,http://pbs.twimg.com/media/EjKC_2_XkAE-uPj.jpg,https://t.co/eNmH8UkVcQ,photo,en,[0],-,GBR,"New York, NY",b'Our #COVID19 mobile testing unit will be at Borough Hall (120-55 Queens Blvd. Jamaica) #inQueens today from 10 a.m. \xe2\x80\x93 4 p.m. The walk-in tests are free for New Yorkers. Find other testing sites: https://t.co/Knqc7byxdD  #NYCTestandTrace https://t.co/eNmH8UkVcQ',United Kingdom,"['The Den, Millwall Path, New Cross Gate, London, Greater London, England', 'York, York, Yorkshire and the Humber, England']","[[51.4859529, -0.05091494800567984], [53.9590555, -1.0815361]]"
1311254475856916483,1311254475856916483,2020-09-30 10:40:03,http://pbs.twimg.com/media/EjKC_zZXYAMxh9f.jpg,https://t.co/6OilmJ101u,photo,en,[0],-,GBR,London,b'One in six secondaries send pupils home with Covidhttps://t.co/dnBYbFQ9Sf https://t.co/6OilmJ101u',United Kingdom,"['London, Greater London, England', 'City of London, Greater London, England', 'London, London, Southwestern Ontario, Ontario']","[[51.5073219, -0.1276474], [51.5156177, -0.0919983], [42.9836747, -81.2496068]]"
1311254461684146176,1311254461684146176,2020-09-30 10:40:00,http://pbs.twimg.com/media/EjIo7G6XkAwgP0t.png,https://t.co/py7RzudqAQ,photo,es,[0],-,PAN,Panamá,b'EEUU dona a Panam\xc3\xa1 tres hospitales de campa\xc3\xb1a para combatir el COVID-19. Detalles en https://t.co/Jmtr2pI7Ar #NoticiasTVN #COVID19 https://t.co/py7RzudqAQ',Panama,"['Panamá', 'Panamá, Distrito Panamá', 'Distrito Panamá']","[[8.559559, -81.1308434], [8.9714493, -79.5341802], [9.20409145, -79.4050498113535]]"
1311254451148255232,1311254451148255232,2020-09-30 10:39:57,http://pbs.twimg.com/media/EjKC1Q2XkAAfCYb.jpg,https://t.co/qwCgFG94rQ,photo,tr,[0],-,JPN,,b'TOPLU ULA\xc5\x9eIMDA HES ZORUNLULU\xc4\x9eU!Corona vir\xc3\xbcsle m\xc3\xbccadele kapsam\xc4\xb1nda iki yeni genelge yay\xc4\xb1nland\xc4\xb1. -\xc5\x9eehir i\xc3\xa7i toplu ula\xc5\x9f\xc4\xb1mda HES kodu zorunlu olacak! -\xc4\xb0kinci genelge ise konaklama tesisleriyle ilgili...https://t.co/EhPSv41R8b https://t.co/qwCgFG94rQ',Japan,"['伊勢市, 三重県', 'Ise, Wittingen, Gifhorn, Niedersachsen', 'Ise, Ushongo, Benue', 'Koçerlerin Konaklama Yeri, Gercüş, Batman, Güneydoğu Anadolu Bölgesi', 'Koçerlerin Konaklama Yeri, Gercüş, Batman, Güneydoğu Anadolu Bölgesi', 'Köçerlerin Konaklama Yeri, Mezra, Midyat, Mardin, Güneydoğu Anadolu Bölgesi']","[[34.5037251, 136.726303], [52.6556875, 10.6277246], [7.2112, 8.9205], [37.6173676, 41.0987911], [37.62045689999999, 41.10948402722626], [37.32186695, 41.48277071256261]]"
1311254440855433218,1311254440855433218,2020-09-30 10:39:55,http://pbs.twimg.com/media/EjKC9uLXgAMsOWB.jpg,https://t.co/RLqHMzLC0k,photo,fr,[0],-,FRA,Paris,b'Tom Felton : son masque anti-Covid tr\xc3\xa8s sp\xc3\xa9cial qui va r\xc3\xa9jouir les fans dHarry Potter\xe2\x80\xa6 (PHOTO) https://t.co/Ify6qDuGAJ https://t.co/RLqHMzLC0k',France,"['Paris, Paris, Paris, Île-de-France, France métropolitaine', 'Paris, Île-de-France, France métropolitaine', 'Paris, Lamar County, Texas']","[[48.8566969, 2.3514616], [48.8588897, 2.320041027461107], [33.6617962, -95.555513]]"
1311254418269011968,1311254418269011968,2020-09-30 10:39:49,http://pbs.twimg.com/media/EjKCfNCWkAInyVs.jpg,https://t.co/OOkn7HDuYV,photo,en,[0],-,GBR,"Kingston Upon Hull, UK",b'Its #NationalInclusionWeek2020 Inclusion is at the heart of all we do.. we are passionate about supporting all ages!We were so proud to hear how our Walking Football participant Paul was supporting Senior Tigers through lockdown.Read more here: https://t.co/ISWPLeMYP0 https://t.co/OOkn7HDuYV',United Kingdom,"['Hull, Kingston upon Hull, Yorkshire and the Humber, England']","[[53.7435722, -0.3394758]]"
1311254392558022656,1311254392558022656,2020-09-30 10:39:43,http://pbs.twimg.com/media/EjKC2PHXYAADGbC.jpg,https://t.co/FxUYMcEvCH,photo,es,[0],-,ESP,La Rioja - Argentina,b'Coronavirus en el mundo: polic\xc3\xadas italianos en audiencia privada con Francisco en el Vaticano https://t.co/FxUYMcEvCH',Spain,"['La Rioja, La Rioja', 'La Rioja', 'La Rioja', 'La Rioja Argentina, Barrio Facundo Quiroga, La Rioja, Departamento Capital, La Rioja', 'Argentina', 'La Argentina, Huila', 'La Argentina, Marsella, Risaralda']","[[42.3285528, -2.4674917], [42.3285528, -2.4674917], [-29.9729781, -67.0487944], [-29.40690665, -66.84980382805645], [-34.9964963, -64.9672817], [2.1860618499999998, -76.01276506104725], [4.92335675, -75.78583616581926]]"
1311254382944620545,1311254382944620545,2020-09-30 10:39:41,http://pbs.twimg.com/media/EjKCcTvXgAADrxj.jpg,https://t.co/ihTMxlsxf0,photo,de,[0],-,DEU,Freiburg,b'Ein kleines corona-gerechtes St\xc3\xa4ndchen zum Abschied: Nach rund zw\xc3\xb6lf Jahren ist heute f\xc3\xbcr Prof. Dr. #HansJochenSchiewer der letzte Arbeitstag als #Rektor der #UniFreiburg. Im Interview zieht er Bilanz:https://t.co/axJiOWmZw4 https://t.co/ihTMxlsxf0',Germany,"['Freiburg im Breisgau, Baden-Württemberg', 'Fribourg/Freiburg', 'Fribourg - Freiburg, District de la Sarine, Fribourg/Freiburg']","[[47.9960901, 7.8494005], [46.6789116, 7.1027113], [46.8030044, 7.1512891]]"
1311254379115278341,1311254379115278341,2020-09-30 10:39:40,http://pbs.twimg.com/media/EjKC6MoXcAALWaX.jpg,https://t.co/8k2433FWrj,photo,tr,[0],-,TUR,Bursa,b'Korona vir\xc3\xbcs a\xc5\x9f\xc4\xb1s\xc4\xb1n\xc4\xb1n denendi\xc4\x9fi 30 ki\xc5\x9fide yan etki g\xc3\xb6r\xc3\xbcld\xc3\xbc m\xc3\xbc? https://t.co/mpokWyNQug https://t.co/8k2433FWrj',Turkey,"['Bursa, Bursa, Marmara Bölgesi', 'Bursa, Marmara Bölgesi', 'Bursa, ሀዋሳ / Hawassa, Sidama']","[[40.1827657, 29.0677305], [39.9895878, 28.8944669], [6.58333, 38.6]]"
1311254370848321536,1311254370848321536,2020-09-30 10:39:38,http://pbs.twimg.com/media/EjKC4u7XYAE4dSp.jpg,https://t.co/WpZJrJtrRX,photo,en,"[[-0.745779800818049, 51.4482221321091], [1.76893599950184, 51.4482221321091], [1.76893599950184, 52.9926789576249], [-0.745779800818049, 52.9926789576249]]",United Kingdom,GBR,B town,b'Summed up perfectly #COVID19 https://t.co/WpZJrJtrRX',United Kingdom,-,-
1311254352082817024,1311254352082817024,2020-09-30 10:39:34,http://pbs.twimg.com/media/EjKC3fgVoAEHNTt.jpg,https://t.co/UZY9FtYhur,photo,en,[0],-,AUS,Australia,b'At 7:50am this morning\xe2\x80\x99s at boat sheds on the Yarra. St Catherine\xe2\x80\x99s must have special exemption fro m COVID restrictions. \xe2\x81\xa6@DanielAndrewsMP\xe2\x81\xa9 https://t.co/UZY9FtYhur',Australia,"['Australia', 'Australia, Canton Santa Rosa de Yacuma, Santa Rosa, General José Ballivián Segurola, El Beni', 'Australia, Jagüey Grande, Matanzas']","[[-24.7761086, 134.755], [-12.7892966, -66.5223197], [22.500905, -81.1356126]]"
1311254285171200000,1311254285171200000,2020-09-30 10:39:18,http://pbs.twimg.com/media/EjKCz1uXYAMP7M-.jpg,https://t.co/YI9MB1HcwV,photo,en,[0],-,USA,,b'Legon Cities FC commences training today following negative COVID 19 test results of all players and management members.#KobbyKyeiSports https://t.co/YI9MB1HcwV',United States,"['Cities, 19th Street Northwest, Golden Triangle, Dupont Circle, Washington, District of Columbia', 'Citis, Hérouville-Saint-Clair, Caen, Calvados, Normandie, France métropolitaine', 'Citis, Rue de Chantilly, Vineuil, Saint-Firmin, Vineuil-Saint-Firmin, Senlis, Oise, Hauts-de-France, France métropolitaine']","[[38.9020075, -77.0431824], [49.2118718, -0.3561972], [49.1983078, 2.4963336]]"
1311254219689787393,1311254219689787393,2020-09-30 10:39:02,http://pbs.twimg.com/media/EjKCw3LXYAAEhVI.jpg,https://t.co/IMG3TB7pq5,photo,en,[0],-,GBR,"175 Wardour Street, London",b'Escape to the country: how #Covid is driving an exodus from #Britain\xe2\x80\x99s cities https://t.co/TPpEnB0gWl https://t.co/IMG3TB7pq5',United Kingdom,"['Wardour Street, Soho, City of Westminster, Greater London, England']","[[51.5139672, -0.1343351]]"
1311254218464870401,1311254218464870401,2020-09-30 10:39:02,http://pbs.twimg.com/media/EjKCu92VgAcpQpJ.jpg,https://t.co/d0lpHvdcld,photo,in,[0],-,IDN,Indonesia ,b'TIGA PILAR KECAMATAN  TAMANSARI JAKARTA BARAT  MELAKSANAKAN GIAT OPERASI YUSTISI  DAN PENDISIPLINAN KEPADA  MASYARAKAT GUNA PENCEGAHAN COVID-19#DisiplinProtokolKesehatan#PolsekMetroTamansari#OperasiYustisi https://t.co/d0lpHvdcld',Indonesia,"['Indonesia', 'gunung pasir jaya, Singaraja, Bali', 'KAWASAN KUMUH, Pardomuan I, Pangururan, Samosir']","[[-2.4833826, 117.8902853], [-8.1153337, 115.1083287], [2.6023745500000004, 98.70260070595354]]"
1311254217697435648,1311254217697435648,2020-09-30 10:39:02,http://pbs.twimg.com/media/EjKCwsVWAAIqegQ.jpg,https://t.co/vDp114vagU,photo,es,[0],-,PRY,"Asuncion, Paraguay",b'Volvi\xc3\xb3 Diego Marini tras noquear al covid - 19! https://t.co/vDp114vagU',Paraguay,"['Asunción, Región Oriental']","[[-25.2800459, -57.6343814]]"
1311254201281007617,1311254201281007617,2020-09-30 10:38:58,http://pbs.twimg.com/media/EjKBi2CXkAALSAd.jpg,https://t.co/OyutFdhd6u,photo,es,[0],-,ESP,"Córdoba, España",b'\xf0\x9f\x94\xac\xf0\x9f\xa6\xa0Nuestra unidad de oncolog\xc3\xada cut\xc3\xa1nea con el doctor Antonio Tejera al frente est\xc3\xa1 coordinando un estudio nacional sobre los efectos que el confinamiento por #COVID19 ha causado en los pacientes con c\xc3\xa1ncer de piel. #C\xc3\xa1ncer #HospitalSeguro #CuidamosdeTi Abrimos hilo \xe2\xac\x87\xef\xb8\x8f https://t.co/OyutFdhd6u',Spain,"['Córdoba, Córdoba, Andalucía']","[[37.8845813, -4.7760138]]"
1311254149342859265,1311254149342859265,2020-09-30 10:38:45,http://pbs.twimg.com/media/EjKCr_yWAAEe1uI.jpg,https://t.co/mU54aD5hig,photo,es,[0],-,PRI,"Guaynabo, Puerto Rico",b'Actualizaci\xc3\xb3n COVID-19 en PR hoy:- 7 muertes 661 en total- 329 positivos aumentando a 48755- 19888 recuperados en total- 327 hospitalizados: 326 adultos 61 de estos en intensivo y 38 en ventilador 1 menor en intensivo y conectado a ventilador. #RDclaro https://t.co/mU54aD5hig',Puerto Rico,"['Guaynabo, Puerto Rico']","[[18.3581491, -66.1116969]]"
1311254147467894784,1311254147467894784,2020-09-30 10:38:45,http://pbs.twimg.com/media/EjKCsT-VgAEfRTf.jpg,https://t.co/faFsiN6aBH,photo,en,[0],-,ITA,,b'We continue our efforts to strengthen the corona warriors in every possible way. Distribution of PPE kits to the corona warriors #indiafightcorona #coronawarriors #coronaharegaindiajeetega #energyguardian #missionfateh #oner https://t.co/faFsiN6aBH',Italy,"['Warriors, Via Damone, Acradina, Canalicchio, Siracusa, Siracusa, Sicilia', 'Warriors, Považská Bystrica, okres Považská Bystrica, Trenčianský kraj, Západné Slovensko', 'Warriors, West 500 South, Vernal, Uintah County, Utah']","[[37.0839349, 15.288467], [49.1091798, 18.4570151], [40.4475935, -109.5488971]]"
1311254097249447936,1311254097249447936,2020-09-30 10:38:33,http://pbs.twimg.com/media/EjKCprqUYAApYVv.jpg,https://t.co/XkAA9NGS5x,photo,en,[0],-,BEL,"Brussels, Belgium",b'EU News: Disney corporation to slash 28000 jobs due to COVID-19 https://t.co/13WmEPqna9 via @New_Europe https://t.co/XkAA9NGS5x',Belgium,"['Bruxelles / Brussel, Ville de Bruxelles - Stad Brussel, Région de Bruxelles-Capitale - Brussels Hoofdstedelijk Gewest']","[[50.8465573, 4.351697]]"
1311254087959273474,1311254087959273474,2020-09-30 10:38:31,http://pbs.twimg.com/media/EjKCo7hWsAYapJU.jpg,https://t.co/CtkQqChQET,photo,en,[0],-,USA,"Florida, USA",b'In light of the COVID pandemic and multiple football clubs suffering economically because of it are Arsenal in a position to capitalize on the economy or are we going to sit back? Here is my take:https://t.co/CngeifcS6F https://t.co/CtkQqChQET',United States,['Florida'],"[[27.7567667, -81.4639835]]"
1311253927594139650,1311253927594139650,2020-09-30 10:37:52,http://pbs.twimg.com/media/EjKCeXSU8AEDXzx.jpg,https://t.co/P9zaghK8Yy,photo,in,[0],-,IDN,Indonesia ,b'TIGA PILAR KECAMATAN  TAMANSARI JAKARTA BARAT  MELAKSANAKAN GIAT OPERASI YUSTISI  DAN PENDISIPLINAN KEPADA  MASYARAKAT GUNA PENCEGAHAN COVID-19#DisiplinProtokolKesehatan#PolsekMetroTamansari#OperasiYustisi https://t.co/P9zaghK8Yy',Indonesia,"['Indonesia', 'gunung pasir jaya, Singaraja, Bali', 'KAWASAN KUMUH, Pardomuan I, Pangururan, Samosir']","[[-2.4833826, 117.8902853], [-8.1153337, 115.1083287], [2.6023745500000004, 98.70260070595354]]"
1311253875404541958,1311253875404541958,2020-09-30 10:37:40,http://pbs.twimg.com/media/EjKCc3BX0AIfIE3.jpg,https://t.co/fXI9z876QK,photo,es,[0],-,ARG,San Carlos de Bariloche,b'Coronavirus: quedan 6 camas de terapia intensiva en #Bariloche https://t.co/UWtjIogWQa https://t.co/fXI9z876QK',Argentina,"['Carlos, Natales, Provincia de Última Esperanza, Región de Magallanes y de la Antártica Chilena']","[[-49.1079959, -75.62971314002999]]"
1311253791694561280,1311253791694561280,2020-09-30 10:37:20,http://pbs.twimg.com/media/EjKCX_VWkAASlZr.jpg,https://t.co/CDvSGTG5nv,photo,es,[0],-,SVN,,b'#Cuba finalizar\xc3\xa1 el curso acad\xc3\xa9mico 2019-2020 el pr\xc3\xb3ximo diciembre para minimizar el riesgo epidemiol\xc3\xb3gico ante la Covid-19 y facilitar las condiciones  #SomosCuba https://t.co/CDvSGTG5nv',Slovenia,"['Hruševlje, Brda', 'Acad, Parlier, Fresno County, California', 'El Riesgo, Alpanseque, Almazán, Castilla y León', 'Eurofound, Wyattville Road, Loughlinstown, Cabinteely-Kilbogget ED, Dún Laoghaire-Rathdown, County Dublin, Leinster']","[[46.0156238, 13.50509], [36.5992438, -119.562565], [41.2324077, -2.6310457], [53.246441649999994, -6.131966620029932]]"
1311253788825657345,1311253788825657345,2020-09-30 10:37:19,http://pbs.twimg.com/media/EjKCWUTX0AYwBqY.jpg,https://t.co/EJi24cw19I,photo,en,[0],-,UGA,"Kampala, Uganda",b'All is set for Entebbe International Airport to re-open for passenger flights following months of Covid-19 lockdown. https://t.co/EJi24cw19I',Uganda,"['Kampala Capital City, Central Region']","[[0.3177137, 32.5813539]]"
1311253768038756352,1311253768038756352,2020-09-30 10:37:14,http://pbs.twimg.com/media/EjKCWleXcAAxde6.jpg,https://t.co/6cRyhHjsWL,photo,es,[0],-,VEN,"Caracas, Venezuela",b'R\xc3\xa9gimen asegur\xc3\xb3 que el crecimiento de los casos de covid-19 es lento y\xe2\x80\xa6 https://t.co/E83UeJ8V9G https://t.co/6cRyhHjsWL',"Venezuela, Bolivarian Republic of","['Caracas, Parroquia Catedral, Municipio Libertador, Distrito Capital']","[[10.506098, -66.9146017]]"
1311253690318090242,1311253690318090242,2020-09-30 10:36:56,http://pbs.twimg.com/media/EjKCRoXUcAE2x3m.jpg,https://t.co/3k429Yq3kA,photo,en,[0],-,NPL,Nepal,b'At virus milestone Italian priest reflects on loss lessonshttps://t.co/Xi8F7CTyBi https://t.co/3k429Yq3kA',Nepal,"['नेपाल', 'Nepal, Salta, Municipio de Salta, Capital, Salta', 'Nepal, Los Domínicos, Las Condes, Las Condes, Provincia de Santiago, Región Metropolitana de Santiago']","[[28.1083929, 84.0917139], [-24.835394, -65.3800087], [-33.4058536, -70.5459857]]"
1311253631254040576,1311253631254040576,2020-09-30 10:36:42,http://pbs.twimg.com/media/EjKCOmnXkAIUGI7.jpg,https://t.co/bPeeCapJ6l,photo,es,[0],-,ARG,"Posadas Misiones,",b'Otras 406 personas murieron y 13.477 fueron diagnosticadas con coronavirus en el pa\xc3\xads https://t.co/FIdykUS9Kw https://t.co/bPeeCapJ6l',Argentina,"['Municipio de Posadas, Departamento Capital, Misiones']","[[-27.3664824, -55.894295]]"
1311253612559962114,1311253612559962114,2020-09-30 10:36:37,http://pbs.twimg.com/media/EjKCNeRXkAExE36.jpg,https://t.co/9LPlA6b7ge,photo,tr,[0],-,TUR,"Zonguldak, Türkiye",b'#HandeEr\xc3\xa7el #HandeEr\xc3\xa7el Derdinizi S\xc4\xb0K.Y\xc4\xb0MCORONA VAR \xc4\xb0\xc5\x9eS\xc4\xb0ZL\xc4\xb0K HAT SAFHADA A\xc3\x87LIK VARDOLU YA\xc4\x9eMI\xc5\x9eDOLAR 8 \xc4\xb0 GE\xc3\x87M\xc4\xb0\xc5\x9eEURO 9.35 DERD\xc4\xb0M\xc4\xb0Z NE HANDE ER\xc3\x87EL APTAL S\xc3\x9cR\xc3\x9cLER\xc4\xb0C\xc4\xb0SSE#muegeanli#BLACKPINK https://t.co/9LPlA6b7ge',Turkey,"['Zonguldak, Karadeniz Bölgesi', 'Zonguldak, Zonguldak merkez, Zonguldak, Karadeniz Bölgesi', 'Zonguldak, Rasat Sokak, Taşbaca, Kozlu, Zonguldak, Karadeniz Bölgesi']","[[41.250324, 31.8389738], [41.4524668, 31.7884596], [41.449425, 31.7783396]]"
1311253554615775232,1311253554615775232,2020-09-30 10:36:23,http://pbs.twimg.com/media/EjKCKLOXYAEPeWw.jpg,https://t.co/pCq5f2J7S8,photo,es,[0],-,ESP,Galicia | España,b'Ya son siete los centros educativos de Barbanza con casos de covid https://t.co/AkAlxutALQ https://t.co/pCq5f2J7S8',Spain,['Galicia / Galiza'],"[[42.61946, -7.863112]]"
1311253518573948930,1311253518573948930,2020-09-30 10:36:15,http://pbs.twimg.com/media/EjKCHoHUYAAxPLS.jpg,https://t.co/LBQGdhJEvf,photo,en,[0],-,IND,India,b'Uttarakhand Congress president booked for violating #COVID19 norms during the protest against farm billshttps://t.co/Bs8GmSbjE0 https://t.co/LBQGdhJEvf',India,"['India', 'La India, Camargo, Camargo, Chihuahua', 'La India, Pánuco, Zacatecas']","[[22.3511148, 78.6677428], [27.6383785, -105.0082392], [22.9938623, -102.5517844]]"
1311253465151143936,1311253465151143936,2020-09-30 10:36:02,http://pbs.twimg.com/media/EjKCE_DU0AAWtb3.jpg,https://t.co/NZkSrRwm0o,photo,en,[0],-,IDN,,b'Covid-19: More countries host final trials of Chinese-made vaccines https://t.co/Ku96SzxKbT https://t.co/NZkSrRwm0o',Indonesia,"['Made, Sambikerep, Jawa Timur', 'Made, Drimmelen, Noord-Brabant, Nederland', 'Made, RW 04, Surabaya, Jawa Timur']","[[-7.2768299, 112.63606727274849], [51.6813534, 4.805925378421824], [-7.2752003, 112.636552]]"
1311253463679012867,1311253463679012867,2020-09-30 10:36:02,http://pbs.twimg.com/media/EjKCE5FWkAEmY_V.jpg,https://t.co/cVSdHR3mpv,photo,es,[0],-,VEN,Venezuela,b'\xe2\x98\xa3\xef\xb8\x8fLos muertos por COVID-19 en el mundo superan el mill\xc3\xb3n seg\xc3\xban Johns Hopkins https://t.co/KaJPlhCMQ8 #30Sep https://t.co/cVSdHR3mpv',"Venezuela, Bolivarian Republic of","['Venezuela', 'Venezuela, Avenida Jujuy, Once, Balvanera, Buenos Aires, Comuna 6', 'Venezuela, Ciego de Ávila']","[[8.0018709, -66.1109318], [-34.6150773, -58.4047746], [21.7402006, -78.7928873]]"
1311253366165700608,1311253366165700608,2020-09-30 10:35:39,http://pbs.twimg.com/media/EjKB9ANXYAUpbyv.jpg,https://t.co/FV7ALuaEhO,photo,en,[0],-,NGA,"Kaduna, Nigeria",b'We continued the celebration by distributing hand sanitizers and liquid soaps to some communities.#panskasu#schoolsreopening #COVID19 https://t.co/FV7ALuaEhO',Nigeria,['Kaduna'],"[[10.3825318, 7.8533226]]"
1311253339334561796,1311253339334561796,2020-09-30 10:35:32,http://pbs.twimg.com/media/EjKB9iaVkAQDp4a.jpg,https://t.co/NQKsXSBads,photo,in,[0],-,IDN,"Ngetos, Nganjuk, Jawa Timur",b'Forpimcam Ngetos giat Zoom meeting dengan Forpimda Nganjuk dalam rangka analisa dan evaluasi perkembangan penanganan Covid-19 di lingkup Kab. Nganjuk.#MaklumatKapolriTaatProkes#ayopakaimasker#NganjukGuyubRukun https://t.co/NQKsXSBads',Indonesia,"['Nganjuk, Jawa Timur', 'Nganjuk, Nganjuk, Jawa Timur', 'Nganjuk, Ngrengket, Nganjuk, Nganjuk, Jawa Timur']","[[-7.61501615, 111.94648226995534], [-7.6023595, 111.9010553], [-7.5757431, 111.9224648]]"
1311253248045494272,1311253248045494272,2020-09-30 10:35:10,http://pbs.twimg.com/media/EjKB4JVUcAAt643.jpg,https://t.co/2FWDzDa0Cr,photo,in,[0],-,IDN,Jakarta,b'Tangani Covid-19 Bodebek Ridwan Kamil Pindah Kantor ke Depok https://t.co/NwoSELkVaz https://t.co/2FWDzDa0Cr',Indonesia,"['Daerah Khusus Ibukota Jakarta', 'Jakarta, Rosalina Village III, Nalom, Toril, Davao City, Davao Region', 'Jakarta, East Gate, Taytay, Rizal, Calabarzon']","[[-6.1753942, 106.827183], [7.0387157, 125.5063617], [14.5484874, 121.1332162]]"
1311253216236130309,1311253216236130309,2020-09-30 10:35:03,http://pbs.twimg.com/media/EjKB2e-XcAAE2RG.jpg,https://t.co/OufJQHOEYw,photo,en,[0],-,GBR,"Manchester, United Kingdom",b'Need to make\xe2\x80\xafa\xe2\x80\xafjourney?\xe2\x80\xaf\xe2\x80\xaf \xf0\x9f\x9a\xb2\xe2\x80\xaf\xf0\x9f\x9a\xb6\xe2\x80\xafPlease consider other options such as cycling or walking for short journeys.  \xf0\x9f\x91\x89\xe2\x80\xafVisit https://t.co/6cw2WJ0NNW\xe2\x80\xafor call 0161 244 1000\xe2\x80\xaffor safe travel advice.\xe2\x80\xaf #SafeGM https://t.co/OufJQHOEYw',United Kingdom,"['Manchester, Greater Manchester, North West England, England', 'Manchester, Hillsborough County, New Hampshire', 'Manchester, Delaware County, Iowa', 'Manchester United, Wharfside Way, Wharfside, Trafford, Greater Manchester, North West England, England', 'United, Kanawha County, West Virginia', 'United, Mount Pleasant Township, Westmoreland County, Pennsylvania', 'United, St. Mary Parish, Louisiana']","[[53.4794892, -2.2451148], [42.9956397, -71.4547891], [42.484154, -91.4554252], [53.4649481, -2.2906349], [37.9906638, -81.4264987], [40.2184039, -79.4878157], [29.77993, -91.746228]]"
1311253158753005573,1311253158753005573,2020-09-30 10:34:49,http://pbs.twimg.com/media/EjKBxd7U0AAe9ex.jpg,https://t.co/u3c1WaOjQe,photo,in,[0],-,IDN,Indonesia ,b'TIGA PILAR KECAMATAN  TAMANSARI JAKARTA BARAT  MELAKSANAKAN GIAT APEL OPERASI YUSTISI  DAN PENDISIPLINAN KEPADA  MASYARAKAT GUNA PENCEGAHAN COVID-19#DisiplinProtokolKesehatan#PolsekMetroTamansari#OperasiYustisi https://t.co/u3c1WaOjQe',Indonesia,"['Indonesia', 'gunung pasir jaya, Singaraja, Bali', 'KAWASAN KUMUH, Pardomuan I, Pangururan, Samosir']","[[-2.4833826, 117.8902853], [-8.1153337, 115.1083287], [2.6023745500000004, 98.70260070595354]]"
1311252992914587648,1311252992914587648,2020-09-30 10:34:10,http://pbs.twimg.com/media/EjKBpfkWAAIynnw.jpg,https://t.co/4fiVth4hO1,photo,en,[0],-,USA,Los Angeles | Scottsdale | Sacramento | San Diego,b'How marijuana stores attract and keep senior shoppers \xe2\x80\x93 even during COVID-19 https://t.co/cKIv8GYcmp https://t.co/4fiVth4hO1',United States,"['Sacramento, Sacramento County, California']","[[38.5810606, -121.4938951]]"
1311252978209378304,1311252978209378304,2020-09-30 10:34:06,http://pbs.twimg.com/media/EjKBlEgXYAYsUbU.jpg,https://t.co/JiKiCMir0B,photo,es,[0],-,USA,USA,b'El primer debate entre Trump y Biden se centr\xc3\xb3 en los expedientes de cada uno el Tribunal Supremo el COVID-19 la econom\xc3\xada raza y violencia en nuestras ciudades y la integridad de las elecciones. Trump lo machac\xc3\xb3 en todos: https://t.co/7Et7hk0gYz https://t.co/JiKiCMir0B',United States,"['United States', '宇佐市, 大分県', 'Уж, Народицька селищна громада, Народицький район, Житомирська область']","[[39.7837304, -100.4458825], [33.532005, 131.3496745], [51.2229505, 29.2074938]]"
1311252943870586886,1311252943870586886,2020-09-30 10:33:58,http://pbs.twimg.com/media/EjKBZt0WkAEahHR.jpg,https://t.co/JKXz5C2kT4,photo,en,[0],-,KEN,"Nairobi, Kenya",b'Dr. Benson Chuma of Equity Afia gives CBN Kenya staff a health talk on lifestyle diseases and COVID -19 prevention. https://t.co/JKXz5C2kT4',Kenya,"['Central Business District, Ngara, Nairobi, Nairobi, Nairobi']","[[-1.2832533, 36.8172449]]"
1311252839008620545,1311252839008620545,2020-09-30 10:33:33,http://pbs.twimg.com/media/EjKBgfXU4AA6oc9.jpg,https://t.co/E96cjZxObT,photo,es,[0],-,VEN,Caracas - Venezuela ,b'Room Mate realizar\xc3\xa1 pruebas gratuitas de COVID-19 a sus clientes https://t.co/zlqaKNAVZK https://t.co/E96cjZxObT',"Venezuela, Bolivarian Republic of","['Caracas, Parroquia Catedral, Municipio Libertador, Distrito Capital']","[[10.506098, -66.9146017]]"
1311252835661684736,1311252835661684736,2020-09-30 10:33:32,http://pbs.twimg.com/media/EjJwd1aWoAEnZpe.jpg,https://t.co/sNiLyhWC0v,photo,en,[0],-,GBR,Leicestershire,b'\xf0\x9f\xa7\x91\xe2\x80\x8d\xf0\x9f\x8e\x93 The experience of university is likely to be very different for this years students because of the pandemic.Mark Fudge chair of our Universities and Colleges Division offers some tips for students to look after their mental wellbeing \xe2\x9e\xa1\xef\xb8\x8f https://t.co/UJXKe2zfJG #COVID19 https://t.co/sNiLyhWC0v',United Kingdom,"['Leicestershire, East Midlands, England', 'Leicestershire, Leicestershire, East Midlands, England', 'Leicestershire, East Midlands, England']","[[52.666667, -1.0], [52.68491375, -1.1847653085946246], [52.68491375, -1.1868833492519109]]"
1311252810936324096,1311252810936324096,2020-09-30 10:33:26,http://pbs.twimg.com/media/EjKBelpXcAEb15j.jpg,https://t.co/YuE1zrdglz,photo,es,[0],-,MEX,,b'@alertcops ha desarrollado botones SOS durante el estado de alarma #COVID19 https://t.co/YuE1zrdglz',Mexico,"['Alarma, CARRANZA 2da SECCION, CARRANZA 3ra SECCION, Veracruz, Veracruz de Ignacio de la Llave']","[[19.1342161, -96.1270888]]"
1311252722717515776,1311252722717515776,2020-09-30 10:33:05,http://pbs.twimg.com/media/EjKBZtWWAAAKt-c.jpg,https://t.co/C0cayl1Ej0,photo,it,[0],-,ECU,,b'#Pietrasanta365: la cultura \xc3\xa8 gratis e libera tutto l\xe2\x80\x99anno il Covid spinge l\xe2\x80\x99arte all\xe2\x80\x99aperto (e fai da te) - https://t.co/NnfNfDvKbk https://t.co/C0cayl1Ej0',Ecuador,"['COVID, Sucre, Arena II, Manta, Manta, Manabí', '#covid, Bog Walk - White Hall Road, Hillside, Riversdale, Spanish Town, Saint Catherine, Middlesex County']","[[-1.0477716, -80.6582902], [18.1625591, -76.94673044465068]]"
1311252689087496193,1311252689087496193,2020-09-30 10:32:57,http://pbs.twimg.com/media/EjKBUarXcAA859m.jpg,https://t.co/p6KET2je1s,photo,tr,[0],-,TUR,"Şanlıurfa, Türkiye",b'Pandemi Acillerimizin i\xc5\x9fleyi\xc5\x9fi \xc3\xa7a\xc4\x9fr\xc4\xb1 merkezlerimiz ve ba\xc5\x9far\xc4\xb1yla y\xc3\xbcr\xc3\xbctm\xc3\xbc\xc5\x9f oldu\xc4\x9fumuz Covid 19 filyasyon ve tedavi s\xc3\xbcrecinde di\xc4\x9fer \xc5\x9fehirlere \xc3\xb6rnek g\xc3\xb6sterilecek \xc3\xa7al\xc4\xb1\xc5\x9fmalar hakk\xc4\xb1nda yetkililerden bilgi ald\xc4\xb1lar. https://t.co/p6KET2je1s',Turkey,"['Şanlıurfa, Güneydoğu Anadolu Bölgesi', 'Şanlıurfa, Şanlıurfa, Güneydoğu Anadolu Bölgesi', 'Şanlıurfa, Şehit Nusret Caddesi, Bamyasuyu Mahallesi, Şanlıurfa, Güneydoğu Anadolu Bölgesi']","[[37.2595198, 39.0408174], [37.1601999, 38.7916052], [37.1603972, 38.7866311]]"
1311252668191518722,1311252668191518722,2020-09-30 10:32:52,http://pbs.twimg.com/media/EjKBWPxWoAANFZ6.png,https://t.co/ZraWvBcuI5,photo,es,[0],-,ESP,Ceuta,b'\xe2\x80\xbc\xef\xb8\x8f\xe2\x80\xbc\xef\xb8\x8f CORONAVIRUS - Nuevas medidas contra el coronavirus para los grandes municipios#coronavirus #medidasdeseguridad #sanidad #CeutaTv https://t.co/a5DAkIhTjm https://t.co/ZraWvBcuI5',Spain,"['Ceuta, Ceuta', 'Ceuta', 'Ceuta, La Cruz, Elota, Sinaloa']","[[35.888361, -5.304138], [35.89429615, -5.355687987736015], [23.9019277, -106.9287288]]"
1311252565347180546,1311252565347180546,2020-09-30 10:32:28,http://pbs.twimg.com/media/EjKBJOHXsAAOsVn.jpg,https://t.co/WoWpcuHmnr,photo,fr,[0],-,SEN,Senegal,b'Lundi et mardi le @PasneegI et les enseignants sp\xc3\xa9cialis\xc3\xa9s en langage des signes ont eu a \xc3\xa9changer dans le cadre d\xe2\x80\x99un atelier de sensibilisation  sur la lutte contre les violences bas\xc3\xa9es sur le genre #VBG et le #Covid19 \xf0\x9f\x91\x89https://t.co/z8V7FZJYCK https://t.co/WoWpcuHmnr',Senegal,"['Sénégal', 'Senegal, South Omo, ደቡብ ብሔሮች ብሔረሰቦችና ሕዝቦች ክልል / Southern Nations Nationalities Peoples', 'نهر السنغال Sénégal, كوركول']","[[14.4750607, -14.4529612], [5.8304643, 36.6642147], [16.0946248, -13.6805904]]"
1311252471625510914,1311252471625510914,2020-09-30 10:32:05,http://pbs.twimg.com/media/EjKBLIMWsAIvgZ1.jpg,https://t.co/nh4TrcydjA,photo,it,[0],-,ECU,,b'#Londra e il Covid-19 il sindaco stanzia finanziamenti demergenza per i locali LGBT https://t.co/p7VjC09paO https://t.co/nh4TrcydjA',Ecuador,"['COVID, Sucre, Arena II, Manta, Manta, Manabí', '#covid, Bog Walk - White Hall Road, Hillside, Riversdale, Spanish Town, Saint Catherine, Middlesex County']","[[-1.0477716, -80.6582902], [18.1625591, -76.94673044465068]]"
1311252436707835907,1311252436707835907,2020-09-30 10:31:57,http://pbs.twimg.com/media/EjKBJIvWsAAGYgb.jpg,https://t.co/WmRJ1v8H7j,photo,ca,[0],-,ESP,Andorra,b'LEstat podr\xc3\xa0 gastar m\xc3\xa9s diners per la Covid @governhttps://t.co/rF1qrkl1Q3 https://t.co/WmRJ1v8H7j',Spain,"['Andorra, Andorra-Sierra de Arcos, Teruel, Aragón', 'Andorra', 'Andorra la Vella, Andorra la Vella']","[[40.9753365, -0.4442782], [42.5407167, 1.5732033], [42.5069391, 1.5212467]]"
1311252418382888960,1311252418382888960,2020-09-30 10:31:53,http://pbs.twimg.com/media/EjKBICFUwAAbTvH.jpg,https://t.co/vDArO6febO,photo,in,[0],-,IDN,Indonesia,b'Satgas Covid-19: Rapid Test Antigen akan Menggantikan Rapid Test Antibodi #Antigen #Antibodi #Virus #SatuanTugas https://t.co/YOOsztVnm3 https://t.co/vDArO6febO',Indonesia,"['Indonesia', 'gunung pasir jaya, Singaraja, Bali', 'KAWASAN KUMUH, Pardomuan I, Pangururan, Samosir']","[[-2.4833826, 117.8902853], [-8.1153337, 115.1083287], [2.6023745500000004, 98.70260070595354]]"
1311252364834332674,1311252364834332674,2020-09-30 10:31:40,http://pbs.twimg.com/media/EjKBEy7XgAAGFt5.jpg,https://t.co/9OGXIOrEnX,photo,es,[0],-,ESP,,b'\xf0\x9f\x94\xb4 Nueva jornada de huelga de los MIR en Catalunya. #coronavirusARV  \xe2\x96\xb6  https://t.co/aR4JUf3lgJ https://t.co/9OGXIOrEnX',Spain,"['La Huelga, El Pedregal, Guadalajara, Castilla-La Mancha']","[[40.7715841, -1.5625273]]"
1311252294545977344,1311252294545977344,2020-09-30 10:31:23,http://pbs.twimg.com/media/EjKA-9RU8AAWdco.jpg,https://t.co/xI0ExiLPT1,photo,gu,[0],-,IND,"Gujarat, India",b'\xe0\xaa\x9c\xe0\xaa\xbf\xe0\xaa\xa8\xe0\xaa\xaa\xe0\xaa\xbf\xe0\xaa\x82\xe0\xaa\x97\xe0\xaa\xa8\xe0\xab\x87 \xe0\xaa\x9a\xe0\xab\x80\xe0\xaa\xa8\xe0\xab\x80 \xe0\xaa\xa6\xe0\xaa\xbf\xe0\xaa\x97\xe0\xab\x8d\xe0\xaa\x97\xe0\xaa\x9c\xe0\xab\x87 \xe0\xaa\x9c \xe0\xaa\x86\xe0\xaa\xaa\xe0\xab\x80 \xe0\xaa\xb8\xe0\xab\x8d\xe0\xaa\xaa\xe0\xaa\xb7\xe0\xab\x8d\xe0\xaa\x9f \xe0\xaa\x9a\xe0\xab\x87\xe0\xaa\xa4\xe0\xaa\xb5\xe0\xaa\xa3\xe0\xab\x80 \xe0\xaa\x85\xe0\xaa\xae\xe0\xab\x87\xe0\xaa\xb0\xe0\xaa\xbf\xe0\xaa\x95\xe0\xaa\xbe \xe0\xaa\xb8\xe0\xaa\xbe\xe0\xaa\xae\xe0\xab\x87 \xe0\xaa\xaa\xe0\xaa\xa1\xe0\xaa\xa4\xe0\xaa\xbe \xe0\xaa\xaa\xe0\xaa\xb9\xe0\xab\x87\xe0\xaa\xb2\xe0\xaa\xbe \xe0\xaa\xb5\xe0\xaa\xbf\xe0\xaa\x9a\xe0\xaa\xbe\xe0\xaa\xb0\xe0\xab\x80 \xe0\xaa\xb2\xe0\xab\x80\xe0\xaa\x9c\xe0\xab\x8b\xe0\xaa\x9c\xe0\xaa\xbe\xe0\xaa\xa3\xe0\xab\x8b \xe0\xaa\xb8\xe0\xaa\xae\xe0\xaa\x97\xe0\xab\x8d\xe0\xaa\xb0 \xe0\xaa\xae\xe0\xaa\xbe\xe0\xaa\xb9\xe0\xaa\xbf\xe0\xaa\xa4\xe0\xab\x80 : https://t.co/Hc5WXh8lsU#China #US #ExtremeNationalism #XiJinping #ChineseExperts #Corona #Taiwan #USChina https://t.co/xI0ExiLPT1',India,['Gujarat'],"[[22.3850008, 71.7452633]]"
1311252247578198016,1311252247578198016,2020-09-30 10:31:12,http://pbs.twimg.com/media/EjKA9pLVkAAOg_u.jpg,https://t.co/IrLGiyB9yt,photo,in,[0],-,USA,"Kuala Lumpur, Malaysia",b'Op Khazanah : 1978 Ekor Burung Bernilai RM30000 Dirampas Sejak Januari Lalu https://t.co/zoizGOACgm #COVID19#PKPP#KitaMestiMenang#KitaTeguhKitaMenang#onenews https://t.co/IrLGiyB9yt',United States,"['Kuala, Maui County, Hawaii', 'Kuala, Bireuen', 'Kuala, Singkawang, Kalimantan Barat', 'Kuala Lumpur', 'Federal Territory of Kuala Lumpur', 'Lumpur, Gresik, Gresik, Jawa Timur', 'Malaysia', 'ماليزيا, دبي, دبي', 'Malaysia, San Antonio Valley 10 and 11, Parañaque, Fourth District']","[[21.1350826, -156.730543], [5.2335087, 96.72018980698466], [0.9128732, 108.9591156], [3.1516964, 101.6942371], [3.1526589, 101.7022205], [-7.1510268, 112.6449129], [4.5693754, 102.2656823], [25.2330853, 55.18324970603023], [14.4778989, 121.0327206]]"
1311252222429323264,1311252222429323264,2020-09-30 10:31:06,http://pbs.twimg.com/media/EjKA8rBWAAA3ocF.jpg,https://t.co/4eYbBtuPPK,photo,en,[0],-,USA,"Greater Portland, Oregon, USA",b'Nigeria: Covid-19 Has Shown That Without Health We Have Nothing https://t.co/3fED3stuzM https://t.co/4eYbBtuPPK',United States,"['Portland, Multnomah County, Oregon']","[[45.5202471, -122.6741949]]"
1311252221372162049,1311252221372162049,2020-09-30 10:31:06,http://pbs.twimg.com/media/EjKA8BFUYAEXIwd.jpg,https://t.co/HOfbmaqmnn,photo,en,[0],-,KOR,,b'PSMS Elvis Princena of San Isidro MPS initiated dialogue with the residents regarding anti-terrorism campaign and strict implementation of health protocols and guidelines to prevent the spread of COVID-19.  #TeamPNP#WeServeAndProtect #PNPKakampiMo https://t.co/HOfbmaqmnn',"Korea, Republic of","['대한민국', 'South Australia', 'Salerno, Campania', 'San Isidro, el Baix Segura / La Vega Baja del Segura, Alacant / Alicante, Comunitat Valenciana', 'MPS, Via Ferruccio, Lago, Santa Maria di Castellabate, Castellabate, Salerno, Campania', 'El Isidro, Parroquia San José de la Costa, Municipio Píritu, Falcón, Región Centroccidental', 'El Isidro, Martín de la Jara, Sevilla, Andalucía', 'Isidro, Duvergé, Duvergé, Independencia', 'MPS, Newtown, Birmingham, West Midlands Combined Authority, West Midlands, England', 'MPS, Il-Moll tal-Pont, Il-Marsa, Xlokk', 'МПС, Малаховка, городской округ Люберцы, Московская область, Центральный федеральный округ']","[[36.638392, 127.6961188], [-30.5343665, 135.6301212], [40.419441649999996, 15.310756230322482], [38.1707587, -0.8387399], [40.2872843, 14.9478755], [11.3618481, -68.7735363], [37.1010377, -4.9429416], [18.3801358, -71.5226384], [52.4905086, -1.8925303757706131], [35.8817807, 14.500877818115942], [55.627771, 37.991112]]"
1311252150819971073,1311252150819971073,2020-09-30 10:30:49,http://pbs.twimg.com/media/EjJ__L9XkAELlg7.jpg,https://t.co/x0m7qPxIe8,photo,en,[0],-,POL,"Warsaw, Poland",b'\xf0\x9f\x93\xa2Join us today from 1\xe2\x83\xa34\xe2\x83\xa3:3\xe2\x83\xa30\xe2\x83\xa3 CET \xe2\x80\x93 on Facebook \xe2\x80\x93 to learn about #racism &amp #xenophobia in the #OSCE region and to hear how #youth activists are promoting tolerance and non-discrimination in the time of #COVID19. We will go live here \xe2\x9e\xa1 https://t.co/2FPC2o5Ev3. https://t.co/x0m7qPxIe8',Poland,"['Warszawa, Warszawa, województwo mazowieckie', 'Warszawa, województwo mazowieckie', 'Warszawa, województwo mazowieckie']","[[52.2319581, 21.0067249], [52.2319581, 21.0067249], [52.2319581, 21.0067249]]"
1311252060415897600,1311252060415897600,2020-09-30 10:30:27,http://pbs.twimg.com/media/EjKAzFtXgAEz8sT.jpg,https://t.co/dpFouN93Q2,photo,es,[0],-,URY,,b'\xf0\x9f\x94\xb4 \xc2\xbfEcha Rivera de menos la pol\xc3\xadtica? La pol\xc3\xadtica no echo de menos a la gente que me he encontrado en pol\xc3\xadtica. Ha sido un honor y apasionante pero la pol\xc3\xadtica actual no se mpuede echar de menos. \xc2\xbfVolver\xc3\xa1? Segundas partes no son buenas.  \xe2\x96\xb6  https://t.co/hX6UiMwKqD https://t.co/dpFouN93Q2',Uruguay,"['Rivera, Rivera', 'MENOS, 桃園川緑道, 高円寺北, 高円寺, 東京都']","[[-30.900058, -55.5408151], [35.7035836, 139.6494948]]"
1311252059367395328,1311252059367395328,2020-09-30 10:30:27,http://pbs.twimg.com/media/EjKAzLaX0AIyAS7.jpg,https://t.co/lO1grO7srI,photo,en,[0],-,IRN,,b'Official says #Iran must adopt a more military-style approach to deal with people who flout #publichealth rules during the #coronavirus pandemichttps://t.co/wnTH7qpx7v https://t.co/lO1grO7srI',"Iran, Islamic Republic of","['ایران', 'Military, هفتم, کوی سپاهان, کوی سپاهان, اصفهان, بخش مرکزی شهرستان اصفهان, شهرستان اصفهان, استان اصفهان']","[[32.6475314, 54.5643516], [32.5782579, 51.6579936]]"
1311251989297270788,1311251989297270788,2020-09-30 10:30:10,http://pbs.twimg.com/media/EjKAvC6WAAEe0Kq.jpg,https://t.co/il4RmJygb9,photo,en,[0],-,GBR,"New York, NY",b'Our #COVID19 mobile testing unit will be at Paerdegat Park (Albany Ave. and Foster Ave.) #inBrooklyn today from 10 a.m. \xe2\x80\x93 4 p.m. The walk-in tests are free for New Yorkers. Find other testing sites: https://t.co/Knqc7byxdD  #NYCTestandTrace https://t.co/il4RmJygb9',United Kingdom,"['The Den, Millwall Path, New Cross Gate, London, Greater London, England', 'York, York, Yorkshire and the Humber, England']","[[51.4859529, -0.05091494800567984], [53.9590555, -1.0815361]]"
1311251977012162560,1311251977012162560,2020-09-30 10:30:07,http://pbs.twimg.com/media/EjKAuWsWkAEjadc.jpg,https://t.co/5mmpMInOAR,photo,es,[0],-,ARG,"Córdoba, Argentina",b'Crisis por coronavirusSalta recortar\xc3\xa1 sueldos a empleados p\xc3\xbablicos para la salud https://t.co/AD84U4eTjF https://t.co/5mmpMInOAR',Argentina,"['Córdoba, Municipio de Córdoba, Pedanía Capital, Departamento Capital, Córdoba']","[[-31.4173391, -64.183319]]"
1311251951464714241,1311251951464714241,2020-09-30 10:30:01,http://pbs.twimg.com/media/EjKAs3-X0AQpCy3.jpg,https://t.co/qNlgAa2AB7,photo,en,[0],-,FRA,"Paris, France",b'How universities can ensure students still have a good experience despite coronavirus https://t.co/ewy5SpF0fVVia @ConversationUK https://t.co/qNlgAa2AB7',France,"['Paris, Paris, Paris, Île-de-France, France métropolitaine']","[[48.8566969, 2.3514616]]"
1311251946771279878,1311251946771279878,2020-09-30 10:30:00,http://pbs.twimg.com/media/EjIsbnTXYAAaQ9F.jpg,https://t.co/XBa3cVggAm,photo,es,[0],-,VEN,Venezuela,b'#Covid19  OMS anunci\xc3\xb3 la distribuci\xc3\xb3n de 120 millones de pruebas PCR https://t.co/vxaP0iljoN https://t.co/XBa3cVggAm',"Venezuela, Bolivarian Republic of","['Venezuela', 'Venezuela, Avenida Jujuy, Once, Balvanera, Buenos Aires, Comuna 6', 'Venezuela, Ciego de Ávila']","[[8.0018709, -66.1109318], [-34.6150773, -58.4047746], [21.7402006, -78.7928873]]"
1311251945319931904,1311251945319931904,2020-09-30 10:30:00,http://pbs.twimg.com/media/EjJ1AoTUYAETw03.jpg,https://t.co/52SmCLPCT4,photo,en,[0],-,JPN,"Onna-son, Okinawa",b'Fascinating research by #OIST adjunct Prof Svante P\xc3\xa4\xc3\xa4bo and collaborator Prof Hugo Zeberg from #MaxPlanck has revealed that genetic variants that increase susceptibility to severe #COVID19 are inherited from Neanderthals. https://t.co/DrG0mnV8yg #HumanEvolution @nature https://t.co/52SmCLPCT4',Japan,"['沖縄市, 沖縄県', 'Okinawa, Municipio Okinawa Uno, Provincia Warnes, Santa Cruz', 'Okinawa, Wake Village, Mariners Watch, Port Royal, Beaufort County, South Carolina']","[[26.3343738, 127.8056597], [-17.2187172, -62.8946437], [32.3472697, -80.6848574]]"
1311251936952320002,1311251936952320002,2020-09-30 10:29:58,http://pbs.twimg.com/media/EjKAr6tWAAAY96G.jpg,https://t.co/1nJQYgIaXF,photo,en,[0],-,GBR,"Fleet, England",b'At Wanner staying safe continues to be our main priority. We have put in place strict procedures to enable our team and partners to operate in the safest environments possible whilst we continue to support critical manufacturing processes. #HydraCell #WannerInt #Pumps #COVID19 https://t.co/1nJQYgIaXF',United Kingdom,"['The Fleet, Somers Town, London, Greater London, England', 'Fleet, Hart, Hampshire, South East, England', 'Fleet, Hart, Hampshire, South East, England']","[[51.5367344, -0.1331283], [51.2828601, -0.8316334471979006], [51.2809935, -0.8418324]]"
1311251909223673857,1311251909223673857,2020-09-30 10:29:51,http://pbs.twimg.com/media/EjKAqURVkAE-P1d.jpg,https://t.co/dCB8cdCzGC,photo,in,[0],-,IDN,"Papua, Indonesia",b'Satu lagi dan bertambah Pasien Covid 19 yang meninggal dunia di kota serui #COVID19 https://t.co/dCB8cdCzGC',Indonesia,['Papua'],"[[-4.11501855, 137.9966136]]"
1311251851069644800,1311251851069644800,2020-09-30 10:29:37,http://pbs.twimg.com/media/EjKAlQQU8AIVapc.jpg,https://t.co/G7gfLSqvRL,photo,fa,[0],-,IRN,,b'\xda\x86\xd9\x87 \xd8\xaf\xd8\xa7\xd8\xb1\xd8\xaf\xd8\xaf\xd8\xb1 \xd8\xa7\xd9\x8e\xd8\xb9\xd9\x85\xd8\xa7\xd9\x82\xda\x86\xd8\xb4\xd9\x85\xd8\xa7\xd9\x86\xd8\xaa\xd9\x8e\xe2\x80\xa6\xda\xa9\xd9\x87 \xd8\xa7\xdb\x8c\xd9\x86\xda\x86\xd9\x86\xdb\x8c\xd9\x86 \xd8\xac\xd9\x80\xd9\x80\xd8\xa7\xd9\x86\xd9\x90 \xd9\x85\xd9\x80\xd9\x80\xd8\xb1\xd8\xa7 \xd8\xa8\xd9\x87 \xd8\xa7\xd9\x90\xd8\xb3\xd8\xa7\xd8\xb1\xd8\xaa \xd9\x85\xd9\x80\xd9\x80\xdb\x8c \xd8\xa8\xd9\x80\xd9\x80\xd8\xb1\xd8\xaf...\xd8\x9f\xd8\x9f\xd8\x9f#\xd9\x82\xd8\xa7\xd8\xb3\xd9\x85_\xd8\xb3\xd9\x84\xd9\x8a\xd9\x85\xd8\xa7\xd9\x86\xd9\x8a#Soleimani#Ghasemsoleimany#Qassemsoleimani#\xd8\xb3\xd8\xb1\xd8\xaf\xd8\xa7\xd8\xb1\xd8\xaf\xd9\x84\xd9\x87\xd8\xa7 #Trump #Iran#COVID19#\xd8\xae\xd8\xa7\xd9\x85\xd9\x86\xd9\x87_\xd8\xa7\xdb\x8c_\xd8\xb9\xd8\xb2\xdb\x8c\xd8\xb2 https://t.co/G7gfLSqvRL',"Iran, Islamic Republic of","['بزرگراه سردار سلیمانی, , منطقه ۱, شیراز, بخش مرکزی, شهرستان شیراز, استان فارس', 'بزرگراه سردار سلیمانی, تپه تلویزیون, منطقه ۱, شیراز, بخش مرکزی, شهرستان شیراز, استان فارس', 'بزرگراه سردار سلیمانی, , منطقه ۱, شیراز, بخش مرکزی, شهرستان شیراز, استان فارس', 'Trump, Baltimore County, Maryland', 'Trump, Stark County, Ohio', 'TRUMP, 松原通り, 中原, 下連雀4, 東京都', 'ایران', 'Iran, Anchihuay, La Mar, Ayacucho', 'Iran, Canton Victoria, Municipio Puerto Rico, Provincia de Manuripi, Pando', 'centre médical COVID19, Quai Jean de Béthencourt, Centre Ville Rive Gauche, Rouen, Rouen, Seine-Maritime, Normandie, France métropolitaine', 'Triaje inicial de Urgencias provisional (CoViD19), Calle Real de Burgos, Puente Jardín, La Victoria, Valladolid, Valladolid, Castilla y León', 'Triaje inicial de Urgencias provisional (CoViD19), Calle de la Dulzaina, Las Viudas-Aramburu, Las Delicias, Valladolid, Valladolid, Castilla y León']","[[29.6443848, 52.524757], [29.6444648, 52.5252122], [29.6405542, 52.5267007], [39.6823264, -76.602191], [40.8283916, -81.3484451], [35.6476197, 139.5788761], [32.6475314, 54.5643516], [-12.853783, -73.6051796], [-11.0970443, -67.4568978], [49.4404016, 1.0754066], [41.6561774, -4.7177394], [41.6303043, -4.712253320328967]]"
1311251837983494145,1311251837983494145,2020-09-30 10:29:34,http://pbs.twimg.com/media/EjKAmN2U4AAUGwl.jpg,https://t.co/KEFg5AiK1b,photo,en,[0],-,CAN,,b'PNP Marshall of Labrador Police Station under the supervision of PCPT MARK D TUBADEZA OIC conducted inspection in all public transportation for the strict observance of IATF guidelines for minimum health standards and safety protocols to prevent the spread of COVID-19. https://t.co/KEFg5AiK1b',Canada,"['Labrador, Newfoundland and Labrador']","[[55.911486100000005, -61.904745697530004]]"
1311251530440351744,1311251530440351744,2020-09-30 10:28:21,http://pbs.twimg.com/media/EjKAUP1VoAA1y0q.jpg,https://t.co/RewApVYjzV,photo,en,[0],-,IND,Mumbai,b'@gurruchoudhary and @imdebina tested positive for Covid-19 Wishing them a speedy recovery https://t.co/RewApVYjzV',India,"['Mumbai, Mumbai Suburban, Maharashtra', 'The Mumbai, Assembly Street, The Shore, Leith, City of Edinburgh, Scotland', 'Mumbai, High Road, Swaythling, Southampton, South East, England']","[[19.0759899, 72.8773928], [55.9751258, -3.1658656], [50.93845555, -1.3804753361164122]]"
1311251445887520768,1311251445887520768,2020-09-30 10:28:01,http://pbs.twimg.com/media/EjKAPcNWoAEgMaQ.jpg,https://t.co/jfh3CZy8Fb,photo,es,[0],-,ESP,Barcelona,b'\xe2\x9c\x8f\xef\xb8\x8f \xc2\xa1Apunta! \xf0\x9f\x94\x8e Las 12 profesiones m\xc3\xa1s demandadas despu\xc3\xa9s del Covid https://t.co/ZA5BYA3Tr9 @empleomkt #empleo #profesiones https://t.co/jfh3CZy8Fb',Spain,"['Barcelona, Catalunya', 'Barcelona, Barcelonès, Barcelona, Catalunya', 'Barcelona, Região Geográfica Imediata de São Paulo do Potengi, Região Geográfica Intermediária de Natal, Rio Grande do Norte, Região Nordeste']","[[41.75786995, 2.031182036159852], [41.3828939, 2.1774322], [-5.9514918, -35.9260284]]"
1311251411557142528,1311251411557142528,2020-09-30 10:27:53,http://pbs.twimg.com/media/EjJ_84mWoAAgZW-.jpg,https://t.co/Ky5uxQa09l,photo,en,[0],-,GBR,"Coombe Mill, North Cornwall",b'Autumn on the farm is romatic peaceful stress free and all in a spacious self contained COVID safe envirnment for your family bubble. https://t.co/Ky5uxQa09l',United Kingdom,"['Coombe, Morwenstow, Cornwall, South West England, England']","[[50.8781557, -4.547739]]"
1311251317462052864,1311251317462052864,2020-09-30 10:27:30,http://pbs.twimg.com/media/EjJ_spIWkAAGf3K.jpg,https://t.co/bb91dKkod3,photo,en,[0],-,GBR,The EnviroVent Stadium,b'\xf0\x9f\x91\xa8\xe2\x80\x8d\xe2\x9a\x95\xef\xb8\x8f  We are pleased to confirm all Covid-19 tests on players and staff this week have come back \xf0\x9d\x97\xbb\xf0\x9d\x97\xb2\xf0\x9d\x97\xb4\xf0\x9d\x97\xae\xf0\x9d\x98\x81\xf0\x9d\x97\xb6\xf0\x9d\x98\x83\xf0\x9d\x97\xb2Onto Bolton we go \xf0\x9f\x92\xaa#ProudToBeTown https://t.co/bb91dKkod3',United Kingdom,"['Envirovent (D), Crimple Court, Hornbeam Park, Spacey Houses, Harrogate, North Yorkshire, Yorkshire and the Humber, England', 'Envirovent (A3), Hornbeam Square West, Hornbeam Park, Spacey Houses, Harrogate, North Yorkshire, Yorkshire and the Humber, England', 'Olympiastadion, Paavo Nurmen tie, Taka-Töölö, Eteläinen suurpiiri, Helsinki, Helsingin seutukunta, Uusimaa, Etelä-Suomen aluehallintovirasto, Manner-Suomi', 'Stadium, Stadium Walk, Kallang, Singapore, Central', ""Le Stadium, Allée des Brouillards, Château, Villeneuve-d'Ascq, Lille, Nord, Hauts-de-France, France métropolitaine""]","[[53.977855500000004, -1.5192241352440878], [53.979408649999996, -1.5210846072247237], [60.1870012, 24.927250936847415], [1.3028396, 103.87537942515634], [50.63114915, 3.137511477524218]]"
1311251294103928833,1311251294103928833,2020-09-30 10:27:25,http://pbs.twimg.com/media/EjKAGaxXgAYo6ut.jpg,https://t.co/JO0SrRKijK,photo,es,[0],-,ESP,Zaragoza - Spain,b'Frente al Covid19 seguimos sin bajar la guardia. \xf0\x9f\xa6\xa0\xf0\x9f\x92\xaaNuestro compa\xc3\xb1ero Luis Garrido ha hecho nuevos salva-orejas m\xc3\xa1s flexibles con la impresora 3D. Son m\xc3\xa1s c\xc3\xb3modos y resistentes.\xf0\x9f\x94\x9d https://t.co/JO0SrRKijK',Spain,"['Zaragoza, Zaragoza, Zaragoza, Aragón', 'Zaragoza, Aragón', 'Zaragoza, Veracruz de Ignacio de la Llave']","[[41.6521342, -0.8809428], [41.84004695, -1.1695090092447569], [17.94751565, -94.63510628023468]]"
1311251154332909568,1311251154332909568,2020-09-30 10:26:51,http://pbs.twimg.com/media/EjJ_o10VkAAiZ3l.jpg,https://t.co/NB8Nnp43Ro,photo,gu,[0],-,IND,"Gujarat, India",b'\xe0\xaa\x85\xe0\xaa\xb9\xe0\xaa\xbf\xe0\xaa\x82 \xe0\xaa\x8f\xe0\xaa\x95 \xe0\xaa\x9c \xe0\xaa\xa6\xe0\xaa\xbf\xe0\xaa\xb5\xe0\xaa\xb8\xe0\xaa\xae\xe0\xaa\xbe\xe0\xaa\x82 \xe0\xaa\x95\xe0\xab\x8b\xe0\xaa\xb5\xe0\xaa\xbf\xe0\xaa\xa1 \xe0\xaa\xb9\xe0\xab\x8b\xe0\xaa\xb8\xe0\xab\x8d\xe0\xaa\xaa\xe0\xaa\xbf\xe0\xaa\x9f\xe0\xaa\xb2\xe0\xaa\xae\xe0\xaa\xbe\xe0\xaa\x82 \xe0\xaa\xa5\xe0\xaa\xaf\xe0\xaa\xbe 13 \xe0\xaa\xa6\xe0\xaa\xb0\xe0\xab\x8d\xe0\xaa\xa6\xe0\xab\x80\xe0\xaa\xa8\xe0\xaa\xbe \xe0\xaa\xae\xe0\xab\x8b\xe0\xaa\xa4 \xe0\xaa\xaa\xe0\xaa\xa3 \xe0\xaa\xb8\xe0\xaa\xb0\xe0\xaa\x95\xe0\xaa\xbe\xe0\xaa\xb0\xe0\xab\x80 \xe0\xaa\x9a\xe0\xab\x8b\xe0\xaa\xaa\xe0\xaa\xa1\xe0\xab\x87 \xe2\x80\x98\xe0\xaa\xb6\xe0\xab\x82\xe0\xaa\xa8\xe0\xab\x8d\xe0\xaa\xaf\xe2\x80\x99\xe0\xaa\x9c\xe0\xaa\xbe\xe0\xaa\xa3\xe0\xab\x8b \xe0\xaa\xb8\xe0\xaa\xae\xe0\xaa\x97\xe0\xab\x8d\xe0\xaa\xb0 \xe0\xaa\xae\xe0\xaa\xbe\xe0\xaa\xb9\xe0\xaa\xbf\xe0\xaa\xa4\xe0\xab\x80 : https://t.co/OiIC6YyAgu#coronavirus #COVID19 #GujaratCoronaUpdate #Gujarat https://t.co/NB8Nnp43Ro',India,['Gujarat'],"[[22.3850008, 71.7452633]]"
1311251139174645760,1311251139174645760,2020-09-30 10:26:48,http://pbs.twimg.com/media/EjJ_9BVUMAImgqu.jpg,https://t.co/OKxvwEMHW7,photo,en,[0],-,GBR,Auckland / London,b'In support and solidarity with all those I have worked with across the globe in creating live events &amp once in a lifetime experiences to so many. Raise your voices. #musichelps #WeMakeEvents #eventprofs #nme #vote #vote2020 #brexit #COVID19 #glastonbury https://t.co/OKxvwEMHW7',United Kingdom,"['Auckland Road allotments, Temple Mills, London Borough of Waltham Forest, Greater London, England']","[[51.557955, -0.014312840956727545]]"
1311251050842611713,1311251050842611713,2020-09-30 10:26:27,http://pbs.twimg.com/media/EjJ_4UcUYAE8k8t.jpg,https://t.co/3QBvy7mklr,photo,in,[0],-,IDN,,b'Gelar FGD Kapolresta Tangerang Serukan Satgas Covid-19 Lebih Proaktif - https://t.co/8wdz8xp7RD https://t.co/3QBvy7mklr',Indonesia,"['Satgas Kebakaran Hutan, Gang Teratai, Tarakan, Kalimantan Utara', 'Pos Satgas Pamrahuan, Jalan Dokter Malaihollo, Kel Benteng, Ambon, Maluku']","[[3.3208217, 117.6103381], [-3.71108505, 128.1523097595714]]"
1311251039350394881,1311251039350394881,2020-09-30 10:26:24,http://pbs.twimg.com/tweet_video_thumb/EjJ_3ahX0AAq_0N.jpg,https://t.co/8lkBhgg6Os,photo,und,[0],-,ITA,Bolzano - Milano  - Roma,b'#CanYaman #COVID19  #Adcfermati https://t.co/EWBkIvXElN https://t.co/8lkBhgg6Os',Italy,"['Bolzano - Bozen, Bolzano - Bozen, Trentino-Alto Adige/Südtirol']","[[46.4981125, 11.3547801]]"
1311251021595906055,1311251021595906055,2020-09-30 10:26:20,http://pbs.twimg.com/media/EjJ_1N4XYAAJqs_.jpg,https://t.co/YXVAk4cxUl,photo,en,[0],-,GBR,Bristol,b'Were looking forward to the Richmond Building reopening on Monday 5 October \xf0\x9f\x8f\xa0Services will be limited and youll notice a few changes including:\xf0\x9f\xa7\xb4 Hand sanitization points\xe2\x9e\xa1\xef\xb8\x8f One way system\xe2\xad\x90\xef\xb8\x8f Reduced capacity#StaySafeBristolUniFull details &gt&gt https://t.co/YhKT1Dn3si https://t.co/YXVAk4cxUl',United Kingdom,"['Bristol, City of Bristol, South West England, England', 'Bristol, Bristol City, Virginia', 'Bristol, Bristol, Hartford County, Connecticut']","[[51.4538022, -2.5972985], [36.5959685, -82.1885009], [41.6735209, -72.9464859]]"
1311250956605165573,1311250956605165573,2020-09-30 10:26:04,http://pbs.twimg.com/media/EjJ_y_EWkAA3LWf.jpg,https://t.co/bjCcazFlD1,photo,fr,[0],-,FRA,"Strasbourg, France",b'#COVID19 : l\xe2\x80\x99#Alsace sur un plateau https://t.co/719RcyIZC0 https://t.co/bjCcazFlD1',France,"['Strasbourg, Strasbourg, Bas-Rhin, Grand Est, France métropolitaine']","[[48.584614, 7.7507127]]"
1311250947960500224,1311250947960500224,2020-09-30 10:26:02,http://pbs.twimg.com/media/EjJ_tJDUYAAMU26.jpg,https://t.co/7aDXGGKPVD,photo,pt,[0],-,IND,New Delhi. ,b'Dear Delhi. #delhifightscorona #COVID19 #photography #PhotoOfTheDay @SloganMurugan https://t.co/7aDXGGKPVD',India,"['New Delhi, Delhi']","[[28.6138954, 77.2090057]]"
1311250931145605121,1311250931145605121,2020-09-30 10:25:58,http://pbs.twimg.com/media/EjJ_t6zU0AEKA01.jpg,https://t.co/OJshhxhP0O,photo,tl,[0],-,PHL,"Nabua, Bicol Region",b'Kung di dahil sa Covid nagtratraining na Sana kami ngayon -_- https://t.co/OJshhxhP0O',Philippines,['Bicol Region'],"[[13.100588, 123.52313310936306]]"
1311250906898366465,1311250906898366465,2020-09-30 10:25:52,http://pbs.twimg.com/media/EjJ_gvdXYAA0vHz.jpg,https://t.co/UktI01RugE,photo,en,[0],-,NOR,,b'\xe2\x9a\xb0\xef\xb8\x8f\xf0\x9f\x98\xb7\xf0\x9f\xa6\xa0#COVID19 More than one million people have died from the #coronavirus pandemic marking a grim milestone in the spread of the disease that has ravaged the world economy and upended liveshttps://t.co/IqZG5dg9nV by @simalfatto for @AFP &amp @EUDataNewsHub https://t.co/UktI01RugE',Norway,"['Grim, Kristiansand, Kristiansand, Agder', 'Grim, Voss herad, Vestland', 'Grim, Webster Parish, Louisiana']","[[58.1479444, 7.9733715], [60.4891332, 6.5027475], [32.7026467, -93.3732266]]"
1311250894953078784,1311250894953078784,2020-09-30 10:25:49,http://pbs.twimg.com/media/EjJ_vE2XcAAE-Ml.jpg,https://t.co/6NTmHLUOsK,photo,ru,[0],-,RUS,"Chelyabinsk, Russia",b'\xf0\x9f\x98\xb1 \xd0\x92 \xd0\xa7\xd0\xb5\xd0\xbb\xd1\x8f\xd0\xb1\xd0\xb8\xd0\xbd\xd1\x81\xd0\xba\xd0\xb5 \xd1\x81\xd0\xba\xd0\xbe\xd1\x80\xd0\xb0\xd1\x8f 5 \xd0\xb4\xd0\xbd\xd0\xb5\xd0\xb9 \xd0\xbd\xd0\xb5 \xd0\xb5\xd1\x85\xd0\xb0\xd0\xbb\xd0\xb0 \xd0\xba \xd1\x81\xd0\xb5\xd0\xbc\xd1\x8c\xd0\xb5 \xd0\xb8\xd0\xbd\xd0\xb2\xd0\xb0\xd0\xbb\xd0\xb8\xd0\xb4\xd0\xb0 \xd1\x81 \xd1\x81\xd0\xb8\xd0\xbc\xd0\xbf\xd1\x82\xd0\xbe\xd0\xbc\xd0\xb0\xd0\xbc\xd0\xb8 COVID https://t.co/tGqAPbgnAM https://t.co/6NTmHLUOsK',Russian Federation,"['Челябинск, Челябинский городской округ, Челябинская область, Уральский федеральный округ']","[[55.1598408, 61.4025547]]"
1311250681672605697,1311250681672605697,2020-09-30 10:24:59,http://pbs.twimg.com/media/EjJ_hG2VgAAYJBq.jpg,https://t.co/Y3YklLfEpl,photo,en,[0],-,PHL,,b'1st SLPMFC personnel conducted police visibility/presence at the vicinity of JYSMI Supermart Brgy. Zone II Sogod Southern Leyte to strictly implement the guidelines and protocols to prevent the spread of COVID-19.#TeamPNP#PNPKaubanMo#WeServeAndProtect https://t.co/Y3YklLfEpl',Philippines,"['Sogod, Maasin, Southern Leyte, Eastern Visayas']","[[10.3861109, 124.98]]"
1311250619106238465,1311250619106238465,2020-09-30 10:24:44,http://pbs.twimg.com/media/EjJ_UU_X0AAn4O5.jpg,https://t.co/uO1v4DBhJR,photo,es,[0],-,ESP,,b'Nota de prensa \xf0\x9f\x97\xa3\xef\xb8\x8f Medidas para municipios confinados y Bono tur\xc3\xadstico en Andaluc\xc3\xada \xe2\x9e\xa1\xef\xb8\x8f https://t.co/bW5S139seY \xe2\xac\x85\xef\xb8\x8f @InesMazuelaRo @Upta_Andalucia #autonomos #emprendedores #COVID19 https://t.co/uO1v4DBhJR',Spain,"['Emprendedores, El Rubio, Sevilla, Andalucía', 'Emprendedores, Junín de los Andes, Departamento Huiliches, Neuquén']","[[37.347011, -4.9930821], [-39.9872949, -71.0773178]]"
1311250603872411650,1311250603872411650,2020-09-30 10:24:40,http://pbs.twimg.com/media/EjJ_bKUUwAAqQIt.jpg,https://t.co/f8h4yqV7WU,photo,en,[0],-,IND,India,b'Goa lifeguards junk mouth to mouth resuscitation adopt new protocol amid #COVID19 pandemic(report by @gernalist) https://t.co/7uXH3ixA8f https://t.co/f8h4yqV7WU',India,"['India', 'La India, Camargo, Camargo, Chihuahua', 'La India, Pánuco, Zacatecas']","[[22.3511148, 78.6677428], [27.6383785, -105.0082392], [22.9938623, -102.5517844]]"
1311250601637019649,1311250601637019649,2020-09-30 10:24:39,http://pbs.twimg.com/media/EjJ_eDqXsAI_ryB.jpg,https://t.co/hTXD3DUosL,photo,es,[0],-,CHE,,b'\xf0\x9f\x94\xb4\xf0\x9f\x8f\x9b \xe2\x80\x9cPlantean reflexiones de la agenda 20-30 o de la declaraci\xc3\xb3n de Davos. Pero las hacen girar sobre una coyuntura la crisis de la  #covid19 cuando ya son pilares de la pol\xc3\xadtica del @GobAsturias que van mucho m\xc3\xa1s all\xc3\xa1 de lo que ustedes plantean\xe2\x80\x9d reprocha @ReneMorcin a C\xc2\xb4s. https://t.co/hTXD3DUosL',Switzerland,"['Davos, Prättigau/Davos, Graubünden/Grigioni/Grischun', 'Hacen, CW 125, Cité 70 logements, Chbaita Mokhtar ⵛⴱⴰⵢⵟⴰ ⵎⵓⵅⵟⴰⵔ شبيطة مختار, Daïra Drean, El Tarf ⵟⵟⴰⵔⴻⴼ الطارف', 'Girar, Mahroni, Lalitpur, Uttar Pradesh']","[[46.7961744, 9.8237266], [36.7233448, 7.727058000079105], [24.3204383, 78.9212644]]"
1311250576059977730,1311250576059977730,2020-09-30 10:24:33,http://pbs.twimg.com/media/EjJ_c0vUMAI_q2q.jpg,https://t.co/Jjr9ANnlVR,photo,en,[0],-,IND,,b'Bikini Body Diet - Celebrity Chef Vikas Khanna Turns Hero To Masses Provides Over 40 Million Meals To The Poor During COVID-19 Pandemic - Swachh India NDTV https://t.co/RA3SRyZVYm #fitness #exercise #celebrity https://t.co/Jjr9ANnlVR',India,"['Swachh Bharat Mission, Chikmaglur Square, Martand Chowk, Vaishali Nagar, Indore, Indore, Indore, Madhya Pradesh']","[[22.7236102, 75.8644164]]"
1311250537132720129,1311250537132720129,2020-09-30 10:24:24,http://pbs.twimg.com/media/EjJ_XUwXgAAS8xd.jpg,https://t.co/teFJOxVjbp,photo,en,[0],-,ESP,دولة الإمارات العربية المتحدة,b'#Germany reports 17 deaths 1798 new #Covid-19 cases https://t.co/eO5lQcpMwX #Sharjah24 https://t.co/teFJOxVjbp',Spain,"['Mallorca, Sencelles, Pla de Mallorca, Illes Balears, Illes Balears', 'Mallorca, Illes Balears, Illes Balears', 'العربية, مديرية حجة, محافظة حجة']","[[39.6134018, 2.8804305326400756], [39.6134018, 2.8804305326400756], [15.645198, 43.591515]]"
1311250526978400256,1311250526978400256,2020-09-30 10:24:22,http://pbs.twimg.com/media/EjJ_Xe0WoAAfqdR.jpg,https://t.co/oMLFE4U078,photo,en,[0],-,GBR,Birmingham,b'GUIDANCE  Looking for the latest guidance on how #Covid19 is affecting grassroots football in your area?Our website is regularly updated with the latest information \xe2\xac\x87\xef\xb8\x8fhttps://t.co/Qdoq2dBoYv https://t.co/oMLFE4U078',United Kingdom,"['Birmingham, West Midlands Combined Authority, West Midlands, England', 'Birmingham, Jefferson County, Alabama', 'Birmingham, Oakland County, Michigan']","[[52.4796992, -1.9026911], [33.5206824, -86.8024326], [42.5467012, -83.2113192]]"
1311250445315256321,1311250445315256321,2020-09-30 10:24:02,http://pbs.twimg.com/media/EjJ_FySXsAAEK5x.jpg,https://t.co/2GSeEv0Gdg,photo,it,[0],-,ITA,"Roma, Lazio",b'\xe2\x80\x9cGli impatti della crisi generata dal #covid19 devono diventare un volano per accelerare un percorso di #cambiamento strutturale del mercato elettrico e dei modelli di vendita.\xe2\x80\x9d Valerio Marra Responsabile Commerciale e Trading#AceaGruppo#EnergySummit https://t.co/2GSeEv0Gdg',Italy,"['Roma, Roma Capitale, Lazio']","[[41.8933203, 12.4829321]]"
1311250444291919878,1311250444291919878,2020-09-30 10:24:02,http://pbs.twimg.com/media/EjJ_VJRWkAAdY0Z.png,https://t.co/SWxIxGtb4O,photo,en,[0],-,GBR,"New York, NY",b'Dr. Ali Salanti and his team @AdaptVac @uni_copenhagen are developing a #COVID19  vaccine using a virus-like particle platform with a NucleoCounter\xc2\xae! Pictured here with our Field Application Scientists Louise and Torsten! Read more: https://t.co/EW98Qgxf8i https://t.co/SWxIxGtb4O',United Kingdom,"['The Den, Millwall Path, New Cross Gate, London, Greater London, England', 'York, York, Yorkshire and the Humber, England']","[[51.4859529, -0.05091494800567984], [53.9590555, -1.0815361]]"
1311250434171056131,1311250434171056131,2020-09-30 10:24:00,http://pbs.twimg.com/media/EjJ_UkcWkAADivT.jpg,https://t.co/xN5N9MKXBC,photo,es,[0],-,ESP,"Totana, Región de Murcia",b'La Mesa de Seguimiento del COVID-19 acuerda establecer controles policiales aleat...https://t.co/zpnyMSl0h8#Totana https://t.co/xN5N9MKXBC',Spain,"['Región de Murcia, Región de Murcia']","[[38.0634325, -1.6718004905591708]]"
1311250234945622018,1311250234945622018,2020-09-30 10:23:12,http://pbs.twimg.com/media/EjJ_IgWU0AAhELw.jpg,https://t.co/nwcFI2O79n,photo,in,[0],-,FRA,,b'Koramil 13/Sukodono bersama Polsek Sukodono melaksanakan Operasi Yustisi Covid-19 secara gabungan di pimpin langsung Kapten Inf Masta Hari Yudha Danramil/13 Sukodono dan AKP Sutanto SH Kapolsek Sukodono bertempat di Rumah Bp Suwarno Ds.Juwok Kec.Sukodono(Hajat Mantu. https://t.co/nwcFI2O79n',France,"['Le Pimpin, Cieux, Bellac, Haute-Vienne, Nouvelle-Aquitaine, France métropolitaine', 'Masta, Kalimantan Selatan']","[[45.9591997, 1.0624075], [-2.8792309, 115.1180954]]"
1311250216729882626,1311250216729882626,2020-09-30 10:23:08,http://pbs.twimg.com/media/EjJ_H7cXcAETgAE.jpg,https://t.co/FtWSOOLBrY,photo,en,[0],-,CPV,praia cape verde,b'In Madrid Covid Resurgence Divides Rich and Poor by BY RAPHAEL MINDER via NYT https://t.co/lTYf6T2iWY https://t.co/FtWSOOLBrY',Cabo Verde,"['Praia, Praia', 'Praia', 'Praia (São Mateus), Santa Cruz da Graciosa, Graciosa, Açores', 'Universidade de Cabo Verde, Avenida Santo Antão, Monte Vermelho, Palmarejo, Praia, Praia', 'The Cape, Cochise County, Arizona', 'The Cape, Chittenden, Rutland County, Vermont', 'La Cape, Lombers, Albi, Tarn, Occitanie, France métropolitaine']","[[14.9160169, -23.5096132], [14.9483086, -23.520160130534467], [39.0531991, -27.9726238], [14.91185115, -23.526114362780262], [31.8228644, -110.4020203], [43.8081206, -72.9864991], [43.8003026, 2.1824047]]"
1311250196106342400,1311250196106342400,2020-09-30 10:23:03,http://pbs.twimg.com/media/EjJ_GsrUYAAwtAe.jpg,https://t.co/EPptLruyMz,photo,en,[0],-,CAN,,b'Kaiya McCullough: Washington Spirit defender leaves US because of racism &amp coronavirus https://t.co/HVWnrnRfop https://t.co/EPptLruyMz',Canada,"['Spirit, Stevens County, Washington']","[[48.8296345, -117.6505334]]"
1311250165131603968,1311250165131603968,2020-09-30 10:22:55,http://pbs.twimg.com/media/EjJ_E4uWAAEfPvg.jpg,https://t.co/uhQ30zqeuM,photo,it,[0],-,ITA,Sicilia / Calabria,b'#Coronavirus positiva dipendente del Gom di #ReggioCalabria https://t.co/5b0fb2aa9F https://t.co/uhQ30zqeuM',Italy,"['Sicilia', 'Isola di Sicilia, Pietraperzia, Enna, Sicilia', 'La Sicilia, Casier, Treviso, Veneto', 'Via Calabria, Isolato 299, IV Circoscrizione, Messina, Messina, Sicilia', 'Calabria', 'Calabria, Caaguazú, Región Oriental', 'Calabria, Sesta Godano, La Spezia, Liguria']","[[37.587794, 14.155048], [37.47427625, 14.13853511894518], [45.6185532, 12.2549405], [38.1863274, 15.5616139], [39.0565974, 16.5249864], [-25.4212188, -55.4055149], [44.2887959, 9.7010353]]"
1311250105354399744,1311250105354399744,2020-09-30 10:22:41,http://pbs.twimg.com/tweet_video_thumb/EjJ_BFbWkAAxI-q.jpg,https://t.co/D7fAzTt1iX,photo,en,[0],-,DEU,"Berlin, Germany",b'@tprstly The Covid19 - 19 parts vodka add 4 zinc lozenges and press 4 limes into a shaker. Pour into a used urn and top up with a bottle of corona. Do not serve with a straw as your lungs will be too fucked to suck. https://t.co/D7fAzTt1iX',Germany,"['Berlin', 'Berlin, Coos County, New Hampshire', 'Berlin, Sangamon County, Illinois']","[[52.5170365, 13.3888599], [44.469071, -71.185226], [39.7589387, -89.9031635]]"